[debug] [2025-08-15T17:23:05.637Z] ----------------------------------------------------------------------
[debug] [2025-08-15T17:23:05.638Z] Command:       /Users/0xmumin/.nvm/versions/node/v18.20.5/bin/node /Users/0xmumin/.nvm/versions/node/v18.20.5/bin/firebase emulators:start --only functions
[debug] [2025-08-15T17:23:05.638Z] CLI Version:   13.31.2
[debug] [2025-08-15T17:23:05.639Z] Platform:      darwin
[debug] [2025-08-15T17:23:05.639Z] Node Version:  v18.20.5
[debug] [2025-08-15T17:23:05.639Z] Time:          Fri Aug 15 2025 18:23:05 GMT+0100 (West Africa Standard Time)
[debug] [2025-08-15T17:23:05.640Z] ----------------------------------------------------------------------
[debug] 
[warn] ⚠  functions: The functions emulator is configured but there is no functions source directory. Have you run firebase init functions? {"metadata":{"emulator":{"name":"functions"},"message":"The functions emulator is configured but there is no functions source directory. Have you run \u001b[1mfirebase init functions\u001b[22m?"}}
[debug] [2025-08-15T17:23:05.663Z] > command requires scopes: ["email","openid","https://www.googleapis.com/auth/cloudplatformprojects.readonly","https://www.googleapis.com/auth/firebase","https://www.googleapis.com/auth/cloud-platform"]
[debug] [2025-08-15T17:23:05.664Z] > authorizing via signed-in user (azeezmumeen6@gmail.com)
[warn] ⚠  Could not find config (firebase.json) so using defaults. 
[info] i  emulators: Starting emulators: functions {"metadata":{"emulator":{"name":"hub"},"message":"Starting emulators: functions"}}
[warn] ⚠  logging: Logging Emulator unable to start on port 4500, starting on 4501 instead. {"metadata":{"emulator":{"name":"logging"},"message":"Logging Emulator unable to start on port 4500, starting on 4501 instead."}}
[debug] [2025-08-15T17:23:05.790Z] [logging] Logging Emulator only supports listening on one address (127.0.0.1). Not listening on ::1
[debug] [2025-08-15T17:23:05.790Z] assigned listening specs for emulators {"user":{"logging":[{"address":"127.0.0.1","family":"IPv4","port":4501}]},"metadata":{"message":"assigned listening specs for emulators"}}
[warn] ⚠  functions: The functions emulator is configured but there is no functions source directory. Have you run firebase init functions? {"metadata":{"emulator":{"name":"functions"},"message":"The functions emulator is configured but there is no functions source directory. Have you run \u001b[1mfirebase init functions\u001b[22m?"}}
[warn] ⚠  emulators: The Emulator UI is not starting, either because none of the running emulators have a UI component or the Emulator UI cannot determine the Project ID. Pass the --project flag to specify a project. {"metadata":{"emulator":{"name":"hub"},"message":"The Emulator UI is not starting, either because none of the running emulators have a UI component or the Emulator UI cannot determine the Project ID. Pass the --project flag to specify a project."}}
[debug] [2025-08-15T17:23:05.801Z] Could not find VSCode notification endpoint: FetchError: request to http://localhost:40001/vscode/notify failed, reason: connect ECONNREFUSED ::1:40001. If you are not running the Firebase Data Connect VSCode extension, this is expected and not an issue.
[info] 
┌─────────────────────────────────────────────────────────────┐
│ ✔  All emulators ready! It is now safe to connect your app. │
└─────────────────────────────────────────────────────────────┘

┌───────────┬──────────────────────────────────┐
│ Emulator  │ Host:Port                        │
├───────────┼──────────────────────────────────┤
│ Functions │ Failed to initialize (see above) │
└───────────┴──────────────────────────────────┘
  Emulator Hub not running.
  Other reserved ports: 4501

Issues? Report them at https://github.com/firebase/firebase-tools/issues and attach the *-debug.log files.
 
[debug] [2025-08-18T03:18:49.920Z] Received signal SIGHUP 1
[info]  
[info] i  emulators: Received SIGHUP for the first time. Starting a clean shutdown. 
[info] i  emulators: Please wait for a clean shutdown or send the SIGHUP signal again to stop right now. 
[debug] [2025-08-18T03:18:50.049Z] Error: write EIO
    at afterWriteDispatched (node:internal/stream_base_commons:160:15)
    at writeGeneric (node:internal/stream_base_commons:151:3)
    at Socket._writeGeneric (node:net:962:11)
    at Socket._write (node:net:974:8)
    at writeOrBuffer (node:internal/streams/writable:392:12)
    at _write (node:internal/streams/writable:333:10)
    at Writable.write (node:internal/streams/writable:337:10)
    at Console.log (/Users/0xmumin/.nvm/versions/node/v18.20.5/lib/node_modules/firebase-tools/node_modules/winston/lib/winston/transports/console.js:87:23)
    at Console._write (/Users/0xmumin/.nvm/versions/node/v18.20.5/lib/node_modules/firebase-tools/node_modules/winston-transport/modern.js:103:17)
    at doWrite (/Users/0xmumin/.nvm/versions/node/v18.20.5/lib/node_modules/firebase-tools/node_modules/winston-transport/node_modules/readable-stream/lib/_stream_writable.js:390:139)
[error] 
[error] Error: An unexpected error has occurred.
[debug] [2025-08-18T03:18:50.051Z] Error: write EIO
    at afterWriteDispatched (node:internal/stream_base_commons:160:15)
    at writeGeneric (node:internal/stream_base_commons:151:3)
    at Socket._writeGeneric (node:net:962:11)
    at Socket._write (node:net:974:8)
    at writeOrBuffer (node:internal/streams/writable:392:12)
    at _write (node:internal/streams/writable:333:10)
    at Writable.write (node:internal/streams/writable:337:10)
    at Console.log (/Users/0xmumin/.nvm/versions/node/v18.20.5/lib/node_modules/firebase-tools/node_modules/winston/lib/winston/transports/console.js:87:23)
    at Console._write (/Users/0xmumin/.nvm/versions/node/v18.20.5/lib/node_modules/firebase-tools/node_modules/winston-transport/modern.js:103:17)
    at doWrite (/Users/0xmumin/.nvm/versions/node/v18.20.5/lib/node_modules/firebase-tools/node_modules/winston-transport/node_modules/readable-stream/lib/_stream_writable.js:390:139)
[error] 
[error] Error: An unexpected error has occurred.
[debug] [2025-08-18T03:18:50.059Z] Error: write EIO
    at afterWriteDispatched (node:internal/stream_base_commons:160:15)
    at writeGeneric (node:internal/stream_base_commons:151:3)
    at Socket._writeGeneric (node:net:962:11)
    at Socket._write (node:net:974:8)
    at writeOrBuffer (node:internal/streams/writable:392:12)
    at _write (node:internal/streams/writable:333:10)
    at Writable.write (node:internal/streams/writable:337:10)
    at Console.log (/Users/0xmumin/.nvm/versions/node/v18.20.5/lib/node_modules/firebase-tools/node_modules/winston/lib/winston/transports/console.js:87:23)
    at Console._write (/Users/0xmumin/.nvm/versions/node/v18.20.5/lib/node_modules/firebase-tools/node_modules/winston-transport/modern.js:103:17)
    at doWrite (/Users/0xmumin/.nvm/versions/node/v18.20.5/lib/node_modules/firebase-tools/node_modules/winston-transport/node_modules/readable-stream/lib/_stream_writable.js:390:139)
[error] 
[error] Error: An unexpected error has occurred.
[debug] [2025-08-18T03:18:50.062Z] Error: write EIO
    at afterWriteDispatched (node:internal/stream_base_commons:160:15)
    at writeGeneric (node:internal/stream_base_commons:151:3)
    at Socket._writeGeneric (node:net:962:11)
    at Socket._write (node:net:974:8)
    at writeOrBuffer (node:internal/streams/writable:392:12)
    at _write (node:internal/streams/writable:333:10)
    at Writable.write (node:internal/streams/writable:337:10)
    at Console.log (/Users/0xmumin/.nvm/versions/node/v18.20.5/lib/node_modules/firebase-tools/node_modules/winston/lib/winston/transports/console.js:87:23)
    at Console._write (/Users/0xmumin/.nvm/versions/node/v18.20.5/lib/node_modules/firebase-tools/node_modules/winston-transport/modern.js:103:17)
    at doWrite (/Users/0xmumin/.nvm/versions/node/v18.20.5/lib/node_modules/firebase-tools/node_modules/winston-transport/node_modules/readable-stream/lib/_stream_writable.js:390:139)
[error] 
[error] Error: An unexpected error has occurred.
[debug] [2025-08-18T03:18:50.063Z] Error: write EIO
    at afterWriteDispatched (node:internal/stream_base_commons:160:15)
    at writeGeneric (node:internal/stream_base_commons:151:3)
    at Socket._writeGeneric (node:net:962:11)
    at Socket._write (node:net:974:8)
    at writeOrBuffer (node:internal/streams/writable:392:12)
    at _write (node:internal/streams/writable:333:10)
    at Writable.write (node:internal/streams/writable:337:10)
    at Console.log (/Users/0xmumin/.nvm/versions/node/v18.20.5/lib/node_modules/firebase-tools/node_modules/winston/lib/winston/transports/console.js:87:23)
    at Console._write (/Users/0xmumin/.nvm/versions/node/v18.20.5/lib/node_modules/firebase-tools/node_modules/winston-transport/modern.js:103:17)
    at doWrite (/Users/0xmumin/.nvm/versions/node/v18.20.5/lib/node_modules/firebase-tools/node_modules/winston-transport/node_modules/readable-stream/lib/_stream_writable.js:390:139)
[error] 
[error] Error: An unexpected error has occurred.
[debug] [2025-08-18T03:18:50.064Z] Error: write EIO
    at afterWriteDispatched (node:internal/stream_base_commons:160:15)
    at writeGeneric (node:internal/stream_base_commons:151:3)
    at Socket._writeGeneric (node:net:962:11)
    at Socket._write (node:net:974:8)
    at writeOrBuffer (node:internal/streams/writable:392:12)
    at _write (node:internal/streams/writable:333:10)
    at Writable.write (node:internal/streams/writable:337:10)
    at Console.log (/Users/0xmumin/.nvm/versions/node/v18.20.5/lib/node_modules/firebase-tools/node_modules/winston/lib/winston/transports/console.js:87:23)
    at Console._write (/Users/0xmumin/.nvm/versions/node/v18.20.5/lib/node_modules/firebase-tools/node_modules/winston-transport/modern.js:103:17)
    at doWrite (/Users/0xmumin/.nvm/versions/node/v18.20.5/lib/node_modules/firebase-tools/node_modules/winston-transport/node_modules/readable-stream/lib/_stream_writable.js:390:139)
[error] 
[error] Error: An unexpected error has occurred.
[debug] [2025-08-18T03:18:50.065Z] Error: write EIO
    at afterWriteDispatched (node:internal/stream_base_commons:160:15)
    at writeGeneric (node:internal/stream_base_commons:151:3)
    at Socket._writeGeneric (node:net:962:11)
    at Socket._write (node:net:974:8)
    at writeOrBuffer (node:internal/streams/writable:392:12)
    at _write (node:internal/streams/writable:333:10)
    at Writable.write (node:internal/streams/writable:337:10)
    at Console.log (/Users/0xmumin/.nvm/versions/node/v18.20.5/lib/node_modules/firebase-tools/node_modules/winston/lib/winston/transports/console.js:87:23)
    at Console._write (/Users/0xmumin/.nvm/versions/node/v18.20.5/lib/node_modules/firebase-tools/node_modules/winston-transport/modern.js:103:17)
    at doWrite (/Users/0xmumin/.nvm/versions/node/v18.20.5/lib/node_modules/firebase-tools/node_modules/winston-transport/node_modules/readable-stream/lib/_stream_writable.js:390:139)
[error] 
[error] Error: An unexpected error has occurred.
[debug] [2025-08-18T03:18:50.066Z] Error: write EIO
    at afterWriteDispatched (node:internal/stream_base_commons:160:15)
    at writeGeneric (node:internal/stream_base_commons:151:3)
    at Socket._writeGeneric (node:net:962:11)
    at Socket._write (node:net:974:8)
    at writeOrBuffer (node:internal/streams/writable:392:12)
    at _write (node:internal/streams/writable:333:10)
    at Writable.write (node:internal/streams/writable:337:10)
    at Console.log (/Users/0xmumin/.nvm/versions/node/v18.20.5/lib/node_modules/firebase-tools/node_modules/winston/lib/winston/transports/console.js:87:23)
    at Console._write (/Users/0xmumin/.nvm/versions/node/v18.20.5/lib/node_modules/firebase-tools/node_modules/winston-transport/modern.js:103:17)
    at doWrite (/Users/0xmumin/.nvm/versions/node/v18.20.5/lib/node_modules/firebase-tools/node_modules/winston-transport/node_modules/readable-stream/lib/_stream_writable.js:390:139)
[error] 
[error] Error: An unexpected error has occurred.
[debug] [2025-08-18T03:18:50.067Z] Error: write EIO
    at afterWriteDispatched (node:internal/stream_base_commons:160:15)
    at writeGeneric (node:internal/stream_base_commons:151:3)
    at Socket._writeGeneric (node:net:962:11)
    at Socket._write (node:net:974:8)
    at writeOrBuffer (node:internal/streams/writable:392:12)
    at _write (node:internal/streams/writable:333:10)
    at Writable.write (node:internal/streams/writable:337:10)
    at Console.log (/Users/0xmumin/.nvm/versions/node/v18.20.5/lib/node_modules/firebase-tools/node_modules/winston/lib/winston/transports/console.js:87:23)
    at Console._write (/Users/0xmumin/.nvm/versions/node/v18.20.5/lib/node_modules/firebase-tools/node_modules/winston-transport/modern.js:103:17)
    at doWrite (/Users/0xmumin/.nvm/versions/node/v18.20.5/lib/node_modules/firebase-tools/node_modules/winston-transport/node_modules/readable-stream/lib/_stream_writable.js:390:139)
[error] 
[error] Error: An unexpected error has occurred.
[debug] [2025-08-18T03:18:50.068Z] Error: write EIO
    at afterWriteDispatched (node:internal/stream_base_commons:160:15)
    at writeGeneric (node:internal/stream_base_commons:151:3)
    at Socket._writeGeneric (node:net:962:11)
    at Socket._write (node:net:974:8)
    at writeOrBuffer (node:internal/streams/writable:392:12)
    at _write (node:internal/streams/writable:333:10)
    at Writable.write (node:internal/streams/writable:337:10)
    at Console.log (/Users/0xmumin/.nvm/versions/node/v18.20.5/lib/node_modules/firebase-tools/node_modules/winston/lib/winston/transports/console.js:87:23)
    at Console._write (/Users/0xmumin/.nvm/versions/node/v18.20.5/lib/node_modules/firebase-tools/node_modules/winston-transport/modern.js:103:17)
    at doWrite (/Users/0xmumin/.nvm/versions/node/v18.20.5/lib/node_modules/firebase-tools/node_modules/winston-transport/node_modules/readable-stream/lib/_stream_writable.js:390:139)
[error] 
[error] Error: An unexpected error has occurred.
[debug] [2025-08-18T03:18:50.069Z] Error: write EIO
    at afterWriteDispatched (node:internal/stream_base_commons:160:15)
    at writeGeneric (node:internal/stream_base_commons:151:3)
    at Socket._writeGeneric (node:net:962:11)
    at Socket._write (node:net:974:8)
    at writeOrBuffer (node:internal/streams/writable:392:12)
    at _write (node:internal/streams/writable:333:10)
    at Writable.write (node:internal/streams/writable:337:10)
    at Console.log (/Users/0xmumin/.nvm/versions/node/v18.20.5/lib/node_modules/firebase-tools/node_modules/winston/lib/winston/transports/console.js:87:23)
    at Console._write (/Users/0xmumin/.nvm/versions/node/v18.20.5/lib/node_modules/firebase-tools/node_modules/winston-transport/modern.js:103:17)
    at doWrite (/Users/0xmumin/.nvm/versions/node/v18.20.5/lib/node_modules/firebase-tools/node_modules/winston-transport/node_modules/readable-stream/lib/_stream_writable.js:390:139)
[error] 
[error] Error: An unexpected error has occurred.
[debug] [2025-08-18T03:18:50.069Z] Error: write EIO
    at afterWriteDispatched (node:internal/stream_base_commons:160:15)
    at writeGeneric (node:internal/stream_base_commons:151:3)
    at Socket._writeGeneric (node:net:962:11)
    at Socket._write (node:net:974:8)
    at writeOrBuffer (node:internal/streams/writable:392:12)
    at _write (node:internal/streams/writable:333:10)
    at Writable.write (node:internal/streams/writable:337:10)
    at Console.log (/Users/0xmumin/.nvm/versions/node/v18.20.5/lib/node_modules/firebase-tools/node_modules/winston/lib/winston/transports/console.js:87:23)
    at Console._write (/Users/0xmumin/.nvm/versions/node/v18.20.5/lib/node_modules/firebase-tools/node_modules/winston-transport/modern.js:103:17)
    at doWrite (/Users/0xmumin/.nvm/versions/node/v18.20.5/lib/node_modules/firebase-tools/node_modules/winston-transport/node_modules/readable-stream/lib/_stream_writable.js:390:139)
[error] 
[error] Error: An unexpected error has occurred.
[debug] [2025-08-18T03:18:50.069Z] Error: write EIO
    at afterWriteDispatched (node:internal/stream_base_commons:160:15)
    at writeGeneric (node:internal/stream_base_commons:151:3)
    at Socket._writeGeneric (node:net:962:11)
    at Socket._write (node:net:974:8)
    at writeOrBuffer (node:internal/streams/writable:392:12)
    at _write (node:internal/streams/writable:333:10)
    at Writable.write (node:internal/streams/writable:337:10)
    at Console.log (/Users/0xmumin/.nvm/versions/node/v18.20.5/lib/node_modules/firebase-tools/node_modules/winston/lib/winston/transports/console.js:87:23)
    at Console._write (/Users/0xmumin/.nvm/versions/node/v18.20.5/lib/node_modules/firebase-tools/node_modules/winston-transport/modern.js:103:17)
    at doWrite (/Users/0xmumin/.nvm/versions/node/v18.20.5/lib/node_modules/firebase-tools/node_modules/winston-transport/node_modules/readable-stream/lib/_stream_writable.js:390:139)
[error] 
[error] Error: An unexpected error has occurred.
[debug] [2025-08-18T03:18:50.070Z] Error: write EIO
    at afterWriteDispatched (node:internal/stream_base_commons:160:15)
    at writeGeneric (node:internal/stream_base_commons:151:3)
    at Socket._writeGeneric (node:net:962:11)
    at Socket._write (node:net:974:8)
    at writeOrBuffer (node:internal/streams/writable:392:12)
    at _write (node:internal/streams/writable:333:10)
    at Writable.write (node:internal/streams/writable:337:10)
    at Console.log (/Users/0xmumin/.nvm/versions/node/v18.20.5/lib/node_modules/firebase-tools/node_modules/winston/lib/winston/transports/console.js:87:23)
    at Console._write (/Users/0xmumin/.nvm/versions/node/v18.20.5/lib/node_modules/firebase-tools/node_modules/winston-transport/modern.js:103:17)
    at doWrite (/Users/0xmumin/.nvm/versions/node/v18.20.5/lib/node_modules/firebase-tools/node_modules/winston-transport/node_modules/readable-stream/lib/_stream_writable.js:390:139)
[error] 
[error] Error: An unexpected error has occurred.
[debug] [2025-08-18T03:18:50.071Z] Error: write EIO
    at afterWriteDispatched (node:internal/stream_base_commons:160:15)
    at writeGeneric (node:internal/stream_base_commons:151:3)
    at Socket._writeGeneric (node:net:962:11)
    at Socket._write (node:net:974:8)
    at writeOrBuffer (node:internal/streams/writable:392:12)
    at _write (node:internal/streams/writable:333:10)
    at Writable.write (node:internal/streams/writable:337:10)
    at Console.log (/Users/0xmumin/.nvm/versions/node/v18.20.5/lib/node_modules/firebase-tools/node_modules/winston/lib/winston/transports/console.js:87:23)
    at Console._write (/Users/0xmumin/.nvm/versions/node/v18.20.5/lib/node_modules/firebase-tools/node_modules/winston-transport/modern.js:103:17)
    at doWrite (/Users/0xmumin/.nvm/versions/node/v18.20.5/lib/node_modules/firebase-tools/node_modules/winston-transport/node_modules/readable-stream/lib/_stream_writable.js:390:139)
[error] 
[error] Error: An unexpected error has occurred.
[debug] [2025-08-18T03:18:50.071Z] Error: write EIO
    at afterWriteDispatched (node:internal/stream_base_commons:160:15)
    at writeGeneric (node:internal/stream_base_commons:151:3)
    at Socket._writeGeneric (node:net:962:11)
    at Socket._write (node:net:974:8)
    at writeOrBuffer (node:internal/streams/writable:392:12)
    at _write (node:internal/streams/writable:333:10)
    at Writable.write (node:internal/streams/writable:337:10)
    at Console.log (/Users/0xmumin/.nvm/versions/node/v18.20.5/lib/node_modules/firebase-tools/node_modules/winston/lib/winston/transports/console.js:87:23)
    at Console._write (/Users/0xmumin/.nvm/versions/node/v18.20.5/lib/node_modules/firebase-tools/node_modules/winston-transport/modern.js:103:17)
    at doWrite (/Users/0xmumin/.nvm/versions/node/v18.20.5/lib/node_modules/firebase-tools/node_modules/winston-transport/node_modules/readable-stream/lib/_stream_writable.js:390:139)
[error] 
[error] Error: An unexpected error has occurred.
[debug] [2025-08-18T03:18:50.071Z] Error: write EIO
    at afterWriteDispatched (node:internal/stream_base_commons:160:15)
    at writeGeneric (node:internal/stream_base_commons:151:3)
    at Socket._writeGeneric (node:net:962:11)
    at Socket._write (node:net:974:8)
    at writeOrBuffer (node:internal/streams/writable:392:12)
    at _write (node:internal/streams/writable:333:10)
    at Writable.write (node:internal/streams/writable:337:10)
    at Console.log (/Users/0xmumin/.nvm/versions/node/v18.20.5/lib/node_modules/firebase-tools/node_modules/winston/lib/winston/transports/console.js:87:23)
    at Console._write (/Users/0xmumin/.nvm/versions/node/v18.20.5/lib/node_modules/firebase-tools/node_modules/winston-transport/modern.js:103:17)
    at doWrite (/Users/0xmumin/.nvm/versions/node/v18.20.5/lib/node_modules/firebase-tools/node_modules/winston-transport/node_modules/readable-stream/lib/_stream_writable.js:390:139)
[error] 
[error] Error: An unexpected error has occurred.
[debug] [2025-08-18T03:18:50.073Z] Error: write EIO
    at afterWriteDispatched (node:internal/stream_base_commons:160:15)
    at writeGeneric (node:internal/stream_base_commons:151:3)
    at Socket._writeGeneric (node:net:962:11)
    at Socket._write (node:net:974:8)
    at writeOrBuffer (node:internal/streams/writable:392:12)
    at _write (node:internal/streams/writable:333:10)
    at Writable.write (node:internal/streams/writable:337:10)
    at Console.log (/Users/0xmumin/.nvm/versions/node/v18.20.5/lib/node_modules/firebase-tools/node_modules/winston/lib/winston/transports/console.js:87:23)
    at Console._write (/Users/0xmumin/.nvm/versions/node/v18.20.5/lib/node_modules/firebase-tools/node_modules/winston-transport/modern.js:103:17)
    at doWrite (/Users/0xmumin/.nvm/versions/node/v18.20.5/lib/node_modules/firebase-tools/node_modules/winston-transport/node_modules/readable-stream/lib/_stream_writable.js:390:139)
[error] 
[error] Error: An unexpected error has occurred.
[debug] [2025-08-18T03:18:50.074Z] Error: write EIO
    at afterWriteDispatched (node:internal/stream_base_commons:160:15)
    at writeGeneric (node:internal/stream_base_commons:151:3)
    at Socket._writeGeneric (node:net:962:11)
    at Socket._write (node:net:974:8)
    at writeOrBuffer (node:internal/streams/writable:392:12)
    at _write (node:internal/streams/writable:333:10)
    at Writable.write (node:internal/streams/writable:337:10)
    at Console.log (/Users/0xmumin/.nvm/versions/node/v18.20.5/lib/node_modules/firebase-tools/node_modules/winston/lib/winston/transports/console.js:87:23)
    at Console._write (/Users/0xmumin/.nvm/versions/node/v18.20.5/lib/node_modules/firebase-tools/node_modules/winston-transport/modern.js:103:17)
    at doWrite (/Users/0xmumin/.nvm/versions/node/v18.20.5/lib/node_modules/firebase-tools/node_modules/winston-transport/node_modules/readable-stream/lib/_stream_writable.js:390:139)
[error] 
[error] Error: An unexpected error has occurred.
[debug] [2025-08-18T03:18:50.075Z] Received signal SIGHUP 2
[info]  
[debug] [2025-08-18T03:18:50.075Z] Skipping clean onExit() and cleanShutdown()
[warn] ⚠  emulators: Received SIGHUP 2 times. You have forced the Emulator Suite to exit without waiting for 0 subprocess to finish. These processes may still be running on your machine:  
[info] 
┌──────────┬───────────┬─────┐
│ Emulator │ Host:Port │ PID │
└──────────┴───────────┴─────┘

To force them to exit run:

[info] kill 

[debug] [2025-08-18T03:18:50.093Z] Error: write EIO
    at afterWriteDispatched (node:internal/stream_base_commons:160:15)
    at writeGeneric (node:internal/stream_base_commons:151:3)
    at Socket._writeGeneric (node:net:962:11)
    at Socket._write (node:net:974:8)
    at writeOrBuffer (node:internal/streams/writable:392:12)
    at _write (node:internal/streams/writable:333:10)
    at Writable.write (node:internal/streams/writable:337:10)
    at Console.log (/Users/0xmumin/.nvm/versions/node/v18.20.5/lib/node_modules/firebase-tools/node_modules/winston/lib/winston/transports/console.js:87:23)
    at Console._write (/Users/0xmumin/.nvm/versions/node/v18.20.5/lib/node_modules/firebase-tools/node_modules/winston-transport/modern.js:103:17)
    at doWrite (/Users/0xmumin/.nvm/versions/node/v18.20.5/lib/node_modules/firebase-tools/node_modules/winston-transport/node_modules/readable-stream/lib/_stream_writable.js:390:139)
[error] 
[error] Error: An unexpected error has occurred.
[debug] [2025-08-18T03:18:50.097Z] Error: write EIO
    at afterWriteDispatched (node:internal/stream_base_commons:160:15)
    at writeGeneric (node:internal/stream_base_commons:151:3)
    at Socket._writeGeneric (node:net:962:11)
    at Socket._write (node:net:974:8)
    at writeOrBuffer (node:internal/streams/writable:392:12)
    at _write (node:internal/streams/writable:333:10)
    at Writable.write (node:internal/streams/writable:337:10)
    at Console.log (/Users/0xmumin/.nvm/versions/node/v18.20.5/lib/node_modules/firebase-tools/node_modules/winston/lib/winston/transports/console.js:87:23)
    at Console._write (/Users/0xmumin/.nvm/versions/node/v18.20.5/lib/node_modules/firebase-tools/node_modules/winston-transport/modern.js:103:17)
    at doWrite (/Users/0xmumin/.nvm/versions/node/v18.20.5/lib/node_modules/firebase-tools/node_modules/winston-transport/node_modules/readable-stream/lib/_stream_writable.js:390:139)
[error] 
[error] Error: An unexpected error has occurred.
[debug] [2025-08-18T03:18:50.099Z] Error: write EIO
    at afterWriteDispatched (node:internal/stream_base_commons:160:15)
    at writeGeneric (node:internal/stream_base_commons:151:3)
    at Socket._writeGeneric (node:net:962:11)
    at Socket._write (node:net:974:8)
    at writeOrBuffer (node:internal/streams/writable:392:12)
    at _write (node:internal/streams/writable:333:10)
    at Writable.write (node:internal/streams/writable:337:10)
    at Console.log (/Users/0xmumin/.nvm/versions/node/v18.20.5/lib/node_modules/firebase-tools/node_modules/winston/lib/winston/transports/console.js:87:23)
    at Console._write (/Users/0xmumin/.nvm/versions/node/v18.20.5/lib/node_modules/firebase-tools/node_modules/winston-transport/modern.js:103:17)
    at doWrite (/Users/0xmumin/.nvm/versions/node/v18.20.5/lib/node_modules/firebase-tools/node_modules/winston-transport/node_modules/readable-stream/lib/_stream_writable.js:390:139)
[error] 
[error] Error: An unexpected error has occurred.
[debug] [2025-08-18T03:18:50.099Z] Error: write EIO
    at afterWriteDispatched (node:internal/stream_base_commons:160:15)
    at writeGeneric (node:internal/stream_base_commons:151:3)
    at Socket._writeGeneric (node:net:962:11)
    at Socket._write (node:net:974:8)
    at writeOrBuffer (node:internal/streams/writable:392:12)
    at _write (node:internal/streams/writable:333:10)
    at Writable.write (node:internal/streams/writable:337:10)
    at Console.log (/Users/0xmumin/.nvm/versions/node/v18.20.5/lib/node_modules/firebase-tools/node_modules/winston/lib/winston/transports/console.js:87:23)
    at Console._write (/Users/0xmumin/.nvm/versions/node/v18.20.5/lib/node_modules/firebase-tools/node_modules/winston-transport/modern.js:103:17)
    at doWrite (/Users/0xmumin/.nvm/versions/node/v18.20.5/lib/node_modules/firebase-tools/node_modules/winston-transport/node_modules/readable-stream/lib/_stream_writable.js:390:139)
[error] 
[error] Error: An unexpected error has occurred.
[debug] [2025-08-18T03:18:50.100Z] Error: write EIO
    at afterWriteDispatched (node:internal/stream_base_commons:160:15)
    at writeGeneric (node:internal/stream_base_commons:151:3)
    at Socket._writeGeneric (node:net:962:11)
    at Socket._write (node:net:974:8)
    at writeOrBuffer (node:internal/streams/writable:392:12)
    at _write (node:internal/streams/writable:333:10)
    at Writable.write (node:internal/streams/writable:337:10)
    at Console.log (/Users/0xmumin/.nvm/versions/node/v18.20.5/lib/node_modules/firebase-tools/node_modules/winston/lib/winston/transports/console.js:87:23)
    at Console._write (/Users/0xmumin/.nvm/versions/node/v18.20.5/lib/node_modules/firebase-tools/node_modules/winston-transport/modern.js:103:17)
    at doWrite (/Users/0xmumin/.nvm/versions/node/v18.20.5/lib/node_modules/firebase-tools/node_modules/winston-transport/node_modules/readable-stream/lib/_stream_writable.js:390:139)
[error] 
[error] Error: An unexpected error has occurred.
[debug] [2025-08-18T03:18:50.101Z] Error: write EIO
    at afterWriteDispatched (node:internal/stream_base_commons:160:15)
    at writeGeneric (node:internal/stream_base_commons:151:3)
    at Socket._writeGeneric (node:net:962:11)
    at Socket._write (node:net:974:8)
    at writeOrBuffer (node:internal/streams/writable:392:12)
    at _write (node:internal/streams/writable:333:10)
    at Writable.write (node:internal/streams/writable:337:10)
    at Console.log (/Users/0xmumin/.nvm/versions/node/v18.20.5/lib/node_modules/firebase-tools/node_modules/winston/lib/winston/transports/console.js:87:23)
    at Console._write (/Users/0xmumin/.nvm/versions/node/v18.20.5/lib/node_modules/firebase-tools/node_modules/winston-transport/modern.js:103:17)
    at doWrite (/Users/0xmumin/.nvm/versions/node/v18.20.5/lib/node_modules/firebase-tools/node_modules/winston-transport/node_modules/readable-stream/lib/_stream_writable.js:390:139)
[error] 
[error] Error: An unexpected error has occurred.
[debug] [2025-08-18T03:18:50.102Z] Error: write EIO
    at afterWriteDispatched (node:internal/stream_base_commons:160:15)
    at writeGeneric (node:internal/stream_base_commons:151:3)
    at Socket._writeGeneric (node:net:962:11)
    at Socket._write (node:net:974:8)
    at writeOrBuffer (node:internal/streams/writable:392:12)
    at _write (node:internal/streams/writable:333:10)
    at Writable.write (node:internal/streams/writable:337:10)
    at Console.log (/Users/0xmumin/.nvm/versions/node/v18.20.5/lib/node_modules/firebase-tools/node_modules/winston/lib/winston/transports/console.js:87:23)
    at Console._write (/Users/0xmumin/.nvm/versions/node/v18.20.5/lib/node_modules/firebase-tools/node_modules/winston-transport/modern.js:103:17)
    at doWrite (/Users/0xmumin/.nvm/versions/node/v18.20.5/lib/node_modules/firebase-tools/node_modules/winston-transport/node_modules/readable-stream/lib/_stream_writable.js:390:139)
[error] 
[error] Error: An unexpected error has occurred.
[debug] [2025-08-18T03:18:50.103Z] Error: write EIO
    at afterWriteDispatched (node:internal/stream_base_commons:160:15)
    at writeGeneric (node:internal/stream_base_commons:151:3)
    at Socket._writeGeneric (node:net:962:11)
    at Socket._write (node:net:974:8)
    at writeOrBuffer (node:internal/streams/writable:392:12)
    at _write (node:internal/streams/writable:333:10)
    at Writable.write (node:internal/streams/writable:337:10)
    at Console.log (/Users/0xmumin/.nvm/versions/node/v18.20.5/lib/node_modules/firebase-tools/node_modules/winston/lib/winston/transports/console.js:87:23)
    at Console._write (/Users/0xmumin/.nvm/versions/node/v18.20.5/lib/node_modules/firebase-tools/node_modules/winston-transport/modern.js:103:17)
    at doWrite (/Users/0xmumin/.nvm/versions/node/v18.20.5/lib/node_modules/firebase-tools/node_modules/winston-transport/node_modules/readable-stream/lib/_stream_writable.js:390:139)
[error] 
[error] Error: An unexpected error has occurred.
[debug] [2025-08-18T03:18:50.104Z] Error: write EIO
    at afterWriteDispatched (node:internal/stream_base_commons:160:15)
    at writeGeneric (node:internal/stream_base_commons:151:3)
    at Socket._writeGeneric (node:net:962:11)
    at Socket._write (node:net:974:8)
    at writeOrBuffer (node:internal/streams/writable:392:12)
    at _write (node:internal/streams/writable:333:10)
    at Writable.write (node:internal/streams/writable:337:10)
    at Console.log (/Users/0xmumin/.nvm/versions/node/v18.20.5/lib/node_modules/firebase-tools/node_modules/winston/lib/winston/transports/console.js:87:23)
    at Console._write (/Users/0xmumin/.nvm/versions/node/v18.20.5/lib/node_modules/firebase-tools/node_modules/winston-transport/modern.js:103:17)
    at doWrite (/Users/0xmumin/.nvm/versions/node/v18.20.5/lib/node_modules/firebase-tools/node_modules/winston-transport/node_modules/readable-stream/lib/_stream_writable.js:390:139)
[error] 
[error] Error: An unexpected error has occurred.
[debug] [2025-08-18T03:18:50.105Z] Error: write EIO
    at afterWriteDispatched (node:internal/stream_base_commons:160:15)
    at writeGeneric (node:internal/stream_base_commons:151:3)
    at Socket._writeGeneric (node:net:962:11)
    at Socket._write (node:net:974:8)
    at writeOrBuffer (node:internal/streams/writable:392:12)
    at _write (node:internal/streams/writable:333:10)
    at Writable.write (node:internal/streams/writable:337:10)
    at Console.log (/Users/0xmumin/.nvm/versions/node/v18.20.5/lib/node_modules/firebase-tools/node_modules/winston/lib/winston/transports/console.js:87:23)
    at Console._write (/Users/0xmumin/.nvm/versions/node/v18.20.5/lib/node_modules/firebase-tools/node_modules/winston-transport/modern.js:103:17)
    at doWrite (/Users/0xmumin/.nvm/versions/node/v18.20.5/lib/node_modules/firebase-tools/node_modules/winston-transport/node_modules/readable-stream/lib/_stream_writable.js:390:139)
[error] 
[error] Error: An unexpected error has occurred.
[debug] [2025-08-18T03:18:50.106Z] Error: write EIO
    at afterWriteDispatched (node:internal/stream_base_commons:160:15)
    at writeGeneric (node:internal/stream_base_commons:151:3)
    at Socket._writeGeneric (node:net:962:11)
    at Socket._write (node:net:974:8)
    at writeOrBuffer (node:internal/streams/writable:392:12)
    at _write (node:internal/streams/writable:333:10)
    at Writable.write (node:internal/streams/writable:337:10)
    at Console.log (/Users/0xmumin/.nvm/versions/node/v18.20.5/lib/node_modules/firebase-tools/node_modules/winston/lib/winston/transports/console.js:87:23)
    at Console._write (/Users/0xmumin/.nvm/versions/node/v18.20.5/lib/node_modules/firebase-tools/node_modules/winston-transport/modern.js:103:17)
    at doWrite (/Users/0xmumin/.nvm/versions/node/v18.20.5/lib/node_modules/firebase-tools/node_modules/winston-transport/node_modules/readable-stream/lib/_stream_writable.js:390:139)
[error] 
[error] Error: An unexpected error has occurred.
[debug] [2025-08-18T03:18:50.106Z] Error: write EIO
    at afterWriteDispatched (node:internal/stream_base_commons:160:15)
    at writeGeneric (node:internal/stream_base_commons:151:3)
    at Socket._writeGeneric (node:net:962:11)
    at Socket._write (node:net:974:8)
    at writeOrBuffer (node:internal/streams/writable:392:12)
    at _write (node:internal/streams/writable:333:10)
    at Writable.write (node:internal/streams/writable:337:10)
    at Console.log (/Users/0xmumin/.nvm/versions/node/v18.20.5/lib/node_modules/firebase-tools/node_modules/winston/lib/winston/transports/console.js:87:23)
    at Console._write (/Users/0xmumin/.nvm/versions/node/v18.20.5/lib/node_modules/firebase-tools/node_modules/winston-transport/modern.js:103:17)
    at doWrite (/Users/0xmumin/.nvm/versions/node/v18.20.5/lib/node_modules/firebase-tools/node_modules/winston-transport/node_modules/readable-stream/lib/_stream_writable.js:390:139)
[error] 
[error] Error: An unexpected error has occurred.
[debug] [2025-08-18T03:18:50.108Z] Error: write EIO
    at afterWriteDispatched (node:internal/stream_base_commons:160:15)
    at writeGeneric (node:internal/stream_base_commons:151:3)
    at Socket._writeGeneric (node:net:962:11)
    at Socket._write (node:net:974:8)
    at writeOrBuffer (node:internal/streams/writable:392:12)
    at _write (node:internal/streams/writable:333:10)
    at Writable.write (node:internal/streams/writable:337:10)
    at Console.log (/Users/0xmumin/.nvm/versions/node/v18.20.5/lib/node_modules/firebase-tools/node_modules/winston/lib/winston/transports/console.js:87:23)
    at Console._write (/Users/0xmumin/.nvm/versions/node/v18.20.5/lib/node_modules/firebase-tools/node_modules/winston-transport/modern.js:103:17)
    at doWrite (/Users/0xmumin/.nvm/versions/node/v18.20.5/lib/node_modules/firebase-tools/node_modules/winston-transport/node_modules/readable-stream/lib/_stream_writable.js:390:139)
[error] 
[error] Error: An unexpected error has occurred.
[debug] [2025-08-18T03:18:50.108Z] Error: write EIO
    at afterWriteDispatched (node:internal/stream_base_commons:160:15)
    at writeGeneric (node:internal/stream_base_commons:151:3)
    at Socket._writeGeneric (node:net:962:11)
    at Socket._write (node:net:974:8)
    at writeOrBuffer (node:internal/streams/writable:392:12)
    at _write (node:internal/streams/writable:333:10)
    at Writable.write (node:internal/streams/writable:337:10)
    at Console.log (/Users/0xmumin/.nvm/versions/node/v18.20.5/lib/node_modules/firebase-tools/node_modules/winston/lib/winston/transports/console.js:87:23)
    at Console._write (/Users/0xmumin/.nvm/versions/node/v18.20.5/lib/node_modules/firebase-tools/node_modules/winston-transport/modern.js:103:17)
    at doWrite (/Users/0xmumin/.nvm/versions/node/v18.20.5/lib/node_modules/firebase-tools/node_modules/winston-transport/node_modules/readable-stream/lib/_stream_writable.js:390:139)
[error] 
[error] Error: An unexpected error has occurred.
[debug] [2025-08-18T03:18:50.109Z] Error: write EIO
    at afterWriteDispatched (node:internal/stream_base_commons:160:15)
    at writeGeneric (node:internal/stream_base_commons:151:3)
    at Socket._writeGeneric (node:net:962:11)
    at Socket._write (node:net:974:8)
    at writeOrBuffer (node:internal/streams/writable:392:12)
    at _write (node:internal/streams/writable:333:10)
    at Writable.write (node:internal/streams/writable:337:10)
    at Console.log (/Users/0xmumin/.nvm/versions/node/v18.20.5/lib/node_modules/firebase-tools/node_modules/winston/lib/winston/transports/console.js:87:23)
    at Console._write (/Users/0xmumin/.nvm/versions/node/v18.20.5/lib/node_modules/firebase-tools/node_modules/winston-transport/modern.js:103:17)
    at doWrite (/Users/0xmumin/.nvm/versions/node/v18.20.5/lib/node_modules/firebase-tools/node_modules/winston-transport/node_modules/readable-stream/lib/_stream_writable.js:390:139)
[error] 
[error] Error: An unexpected error has occurred.
[debug] [2025-08-18T03:18:50.111Z] Error: write EIO
    at afterWriteDispatched (node:internal/stream_base_commons:160:15)
    at writeGeneric (node:internal/stream_base_commons:151:3)
    at Socket._writeGeneric (node:net:962:11)
    at Socket._write (node:net:974:8)
    at writeOrBuffer (node:internal/streams/writable:392:12)
    at _write (node:internal/streams/writable:333:10)
    at Writable.write (node:internal/streams/writable:337:10)
    at Console.log (/Users/0xmumin/.nvm/versions/node/v18.20.5/lib/node_modules/firebase-tools/node_modules/winston/lib/winston/transports/console.js:87:23)
    at Console._write (/Users/0xmumin/.nvm/versions/node/v18.20.5/lib/node_modules/firebase-tools/node_modules/winston-transport/modern.js:103:17)
    at doWrite (/Users/0xmumin/.nvm/versions/node/v18.20.5/lib/node_modules/firebase-tools/node_modules/winston-transport/node_modules/readable-stream/lib/_stream_writable.js:390:139)
[error] 
[error] Error: An unexpected error has occurred.
[debug] [2025-08-18T03:18:50.111Z] Error: write EIO
    at afterWriteDispatched (node:internal/stream_base_commons:160:15)
    at writeGeneric (node:internal/stream_base_commons:151:3)
    at Socket._writeGeneric (node:net:962:11)
    at Socket._write (node:net:974:8)
    at writeOrBuffer (node:internal/streams/writable:392:12)
    at _write (node:internal/streams/writable:333:10)
    at Writable.write (node:internal/streams/writable:337:10)
    at Console.log (/Users/0xmumin/.nvm/versions/node/v18.20.5/lib/node_modules/firebase-tools/node_modules/winston/lib/winston/transports/console.js:87:23)
    at Console._write (/Users/0xmumin/.nvm/versions/node/v18.20.5/lib/node_modules/firebase-tools/node_modules/winston-transport/modern.js:103:17)
    at doWrite (/Users/0xmumin/.nvm/versions/node/v18.20.5/lib/node_modules/firebase-tools/node_modules/winston-transport/node_modules/readable-stream/lib/_stream_writable.js:390:139)
[error] 
[error] Error: An unexpected error has occurred.
[debug] [2025-08-18T03:18:50.112Z] Error: write EIO
    at afterWriteDispatched (node:internal/stream_base_commons:160:15)
    at writeGeneric (node:internal/stream_base_commons:151:3)
    at Socket._writeGeneric (node:net:962:11)
    at Socket._write (node:net:974:8)
    at writeOrBuffer (node:internal/streams/writable:392:12)
    at _write (node:internal/streams/writable:333:10)
    at Writable.write (node:internal/streams/writable:337:10)
    at Console.log (/Users/0xmumin/.nvm/versions/node/v18.20.5/lib/node_modules/firebase-tools/node_modules/winston/lib/winston/transports/console.js:87:23)
    at Console._write (/Users/0xmumin/.nvm/versions/node/v18.20.5/lib/node_modules/firebase-tools/node_modules/winston-transport/modern.js:103:17)
    at doWrite (/Users/0xmumin/.nvm/versions/node/v18.20.5/lib/node_modules/firebase-tools/node_modules/winston-transport/node_modules/readable-stream/lib/_stream_writable.js:390:139)
[error] 
[error] Error: An unexpected error has occurred.
[debug] [2025-08-18T03:18:50.112Z] Error: write EIO
    at afterWriteDispatched (node:internal/stream_base_commons:160:15)
    at writeGeneric (node:internal/stream_base_commons:151:3)
    at Socket._writeGeneric (node:net:962:11)
    at Socket._write (node:net:974:8)
    at writeOrBuffer (node:internal/streams/writable:392:12)
    at _write (node:internal/streams/writable:333:10)
    at Writable.write (node:internal/streams/writable:337:10)
    at Console.log (/Users/0xmumin/.nvm/versions/node/v18.20.5/lib/node_modules/firebase-tools/node_modules/winston/lib/winston/transports/console.js:87:23)
    at Console._write (/Users/0xmumin/.nvm/versions/node/v18.20.5/lib/node_modules/firebase-tools/node_modules/winston-transport/modern.js:103:17)
    at doWrite (/Users/0xmumin/.nvm/versions/node/v18.20.5/lib/node_modules/firebase-tools/node_modules/winston-transport/node_modules/readable-stream/lib/_stream_writable.js:390:139)
[error] 
[error] Error: An unexpected error has occurred.
[debug] [2025-08-18T03:18:50.113Z] Error: write EIO
    at afterWriteDispatched (node:internal/stream_base_commons:160:15)
    at writeGeneric (node:internal/stream_base_commons:151:3)
    at Socket._writeGeneric (node:net:962:11)
    at Socket._write (node:net:974:8)
    at writeOrBuffer (node:internal/streams/writable:392:12)
    at _write (node:internal/streams/writable:333:10)
    at Writable.write (node:internal/streams/writable:337:10)
    at Console.log (/Users/0xmumin/.nvm/versions/node/v18.20.5/lib/node_modules/firebase-tools/node_modules/winston/lib/winston/transports/console.js:87:23)
    at Console._write (/Users/0xmumin/.nvm/versions/node/v18.20.5/lib/node_modules/firebase-tools/node_modules/winston-transport/modern.js:103:17)
    at doWrite (/Users/0xmumin/.nvm/versions/node/v18.20.5/lib/node_modules/firebase-tools/node_modules/winston-transport/node_modules/readable-stream/lib/_stream_writable.js:390:139)
[error] 
[error] Error: An unexpected error has occurred.
[debug] [2025-08-18T03:18:50.113Z] Error: write EIO
    at afterWriteDispatched (node:internal/stream_base_commons:160:15)
    at writeGeneric (node:internal/stream_base_commons:151:3)
    at Socket._writeGeneric (node:net:962:11)
    at Socket._write (node:net:974:8)
    at writeOrBuffer (node:internal/streams/writable:392:12)
    at _write (node:internal/streams/writable:333:10)
    at Writable.write (node:internal/streams/writable:337:10)
    at Console.log (/Users/0xmumin/.nvm/versions/node/v18.20.5/lib/node_modules/firebase-tools/node_modules/winston/lib/winston/transports/console.js:87:23)
    at Console._write (/Users/0xmumin/.nvm/versions/node/v18.20.5/lib/node_modules/firebase-tools/node_modules/winston-transport/modern.js:103:17)
    at doWrite (/Users/0xmumin/.nvm/versions/node/v18.20.5/lib/node_modules/firebase-tools/node_modules/winston-transport/node_modules/readable-stream/lib/_stream_writable.js:390:139)
[error] 
[error] Error: An unexpected error has occurred.
[debug] [2025-08-18T03:18:50.117Z] Error: write EIO
    at afterWriteDispatched (node:internal/stream_base_commons:160:15)
    at writeGeneric (node:internal/stream_base_commons:151:3)
    at Socket._writeGeneric (node:net:962:11)
    at Socket._write (node:net:974:8)
    at writeOrBuffer (node:internal/streams/writable:392:12)
    at _write (node:internal/streams/writable:333:10)
    at Writable.write (node:internal/streams/writable:337:10)
    at Console.log (/Users/0xmumin/.nvm/versions/node/v18.20.5/lib/node_modules/firebase-tools/node_modules/winston/lib/winston/transports/console.js:87:23)
    at Console._write (/Users/0xmumin/.nvm/versions/node/v18.20.5/lib/node_modules/firebase-tools/node_modules/winston-transport/modern.js:103:17)
    at doWrite (/Users/0xmumin/.nvm/versions/node/v18.20.5/lib/node_modules/firebase-tools/node_modules/winston-transport/node_modules/readable-stream/lib/_stream_writable.js:390:139)
[error] 
[error] Error: An unexpected error has occurred.
[debug] [2025-08-18T03:18:50.117Z] Error: write EIO
    at afterWriteDispatched (node:internal/stream_base_commons:160:15)
    at writeGeneric (node:internal/stream_base_commons:151:3)
    at Socket._writeGeneric (node:net:962:11)
    at Socket._write (node:net:974:8)
    at writeOrBuffer (node:internal/streams/writable:392:12)
    at _write (node:internal/streams/writable:333:10)
    at Writable.write (node:internal/streams/writable:337:10)
    at Console.log (/Users/0xmumin/.nvm/versions/node/v18.20.5/lib/node_modules/firebase-tools/node_modules/winston/lib/winston/transports/console.js:87:23)
    at Console._write (/Users/0xmumin/.nvm/versions/node/v18.20.5/lib/node_modules/firebase-tools/node_modules/winston-transport/modern.js:103:17)
    at doWrite (/Users/0xmumin/.nvm/versions/node/v18.20.5/lib/node_modules/firebase-tools/node_modules/winston-transport/node_modules/readable-stream/lib/_stream_writable.js:390:139)
[error] 
[error] Error: An unexpected error has occurred.
[debug] [2025-08-18T03:18:50.118Z] Error: write EIO
    at afterWriteDispatched (node:internal/stream_base_commons:160:15)
    at writeGeneric (node:internal/stream_base_commons:151:3)
    at Socket._writeGeneric (node:net:962:11)
    at Socket._write (node:net:974:8)
    at writeOrBuffer (node:internal/streams/writable:392:12)
    at _write (node:internal/streams/writable:333:10)
    at Writable.write (node:internal/streams/writable:337:10)
    at Console.log (/Users/0xmumin/.nvm/versions/node/v18.20.5/lib/node_modules/firebase-tools/node_modules/winston/lib/winston/transports/console.js:87:23)
    at Console._write (/Users/0xmumin/.nvm/versions/node/v18.20.5/lib/node_modules/firebase-tools/node_modules/winston-transport/modern.js:103:17)
    at doWrite (/Users/0xmumin/.nvm/versions/node/v18.20.5/lib/node_modules/firebase-tools/node_modules/winston-transport/node_modules/readable-stream/lib/_stream_writable.js:390:139)
[error] 
[error] Error: An unexpected error has occurred.
[debug] [2025-08-18T03:18:50.118Z] Error: write EIO
    at afterWriteDispatched (node:internal/stream_base_commons:160:15)
    at writeGeneric (node:internal/stream_base_commons:151:3)
    at Socket._writeGeneric (node:net:962:11)
    at Socket._write (node:net:974:8)
    at writeOrBuffer (node:internal/streams/writable:392:12)
    at _write (node:internal/streams/writable:333:10)
    at Writable.write (node:internal/streams/writable:337:10)
    at Console.log (/Users/0xmumin/.nvm/versions/node/v18.20.5/lib/node_modules/firebase-tools/node_modules/winston/lib/winston/transports/console.js:87:23)
    at Console._write (/Users/0xmumin/.nvm/versions/node/v18.20.5/lib/node_modules/firebase-tools/node_modules/winston-transport/modern.js:103:17)
    at doWrite (/Users/0xmumin/.nvm/versions/node/v18.20.5/lib/node_modules/firebase-tools/node_modules/winston-transport/node_modules/readable-stream/lib/_stream_writable.js:390:139)
[error] 
[error] Error: An unexpected error has occurred.
[debug] [2025-08-18T03:18:50.118Z] Error: write EIO
    at afterWriteDispatched (node:internal/stream_base_commons:160:15)
    at writeGeneric (node:internal/stream_base_commons:151:3)
    at Socket._writeGeneric (node:net:962:11)
    at Socket._write (node:net:974:8)
    at writeOrBuffer (node:internal/streams/writable:392:12)
    at _write (node:internal/streams/writable:333:10)
    at Writable.write (node:internal/streams/writable:337:10)
    at Console.log (/Users/0xmumin/.nvm/versions/node/v18.20.5/lib/node_modules/firebase-tools/node_modules/winston/lib/winston/transports/console.js:87:23)
    at Console._write (/Users/0xmumin/.nvm/versions/node/v18.20.5/lib/node_modules/firebase-tools/node_modules/winston-transport/modern.js:103:17)
    at doWrite (/Users/0xmumin/.nvm/versions/node/v18.20.5/lib/node_modules/firebase-tools/node_modules/winston-transport/node_modules/readable-stream/lib/_stream_writable.js:390:139)
[error] 
[error] Error: An unexpected error has occurred.
[debug] [2025-08-18T03:18:50.118Z] Error: write EIO
    at afterWriteDispatched (node:internal/stream_base_commons:160:15)
    at writeGeneric (node:internal/stream_base_commons:151:3)
    at Socket._writeGeneric (node:net:962:11)
    at Socket._write (node:net:974:8)
    at writeOrBuffer (node:internal/streams/writable:392:12)
    at _write (node:internal/streams/writable:333:10)
    at Writable.write (node:internal/streams/writable:337:10)
    at Console.log (/Users/0xmumin/.nvm/versions/node/v18.20.5/lib/node_modules/firebase-tools/node_modules/winston/lib/winston/transports/console.js:87:23)
    at Console._write (/Users/0xmumin/.nvm/versions/node/v18.20.5/lib/node_modules/firebase-tools/node_modules/winston-transport/modern.js:103:17)
    at doWrite (/Users/0xmumin/.nvm/versions/node/v18.20.5/lib/node_modules/firebase-tools/node_modules/winston-transport/node_modules/readable-stream/lib/_stream_writable.js:390:139)
[error] 
[error] Error: An unexpected error has occurred.
[debug] [2025-08-18T03:18:50.118Z] Error: write EIO
    at afterWriteDispatched (node:internal/stream_base_commons:160:15)
    at writeGeneric (node:internal/stream_base_commons:151:3)
    at Socket._writeGeneric (node:net:962:11)
    at Socket._write (node:net:974:8)
    at writeOrBuffer (node:internal/streams/writable:392:12)
    at _write (node:internal/streams/writable:333:10)
    at Writable.write (node:internal/streams/writable:337:10)
    at Console.log (/Users/0xmumin/.nvm/versions/node/v18.20.5/lib/node_modules/firebase-tools/node_modules/winston/lib/winston/transports/console.js:87:23)
    at Console._write (/Users/0xmumin/.nvm/versions/node/v18.20.5/lib/node_modules/firebase-tools/node_modules/winston-transport/modern.js:103:17)
    at doWrite (/Users/0xmumin/.nvm/versions/node/v18.20.5/lib/node_modules/firebase-tools/node_modules/winston-transport/node_modules/readable-stream/lib/_stream_writable.js:390:139)
[error] 
[error] Error: An unexpected error has occurred.
[debug] [2025-08-18T03:18:50.118Z] Error: write EIO
    at afterWriteDispatched (node:internal/stream_base_commons:160:15)
    at writeGeneric (node:internal/stream_base_commons:151:3)
    at Socket._writeGeneric (node:net:962:11)
    at Socket._write (node:net:974:8)
    at writeOrBuffer (node:internal/streams/writable:392:12)
    at _write (node:internal/streams/writable:333:10)
    at Writable.write (node:internal/streams/writable:337:10)
    at Console.log (/Users/0xmumin/.nvm/versions/node/v18.20.5/lib/node_modules/firebase-tools/node_modules/winston/lib/winston/transports/console.js:87:23)
    at Console._write (/Users/0xmumin/.nvm/versions/node/v18.20.5/lib/node_modules/firebase-tools/node_modules/winston-transport/modern.js:103:17)
    at doWrite (/Users/0xmumin/.nvm/versions/node/v18.20.5/lib/node_modules/firebase-tools/node_modules/winston-transport/node_modules/readable-stream/lib/_stream_writable.js:390:139)
[error] 
[error] Error: An unexpected error has occurred.
[debug] [2025-08-18T03:18:50.119Z] Error: write EIO
    at afterWriteDispatched (node:internal/stream_base_commons:160:15)
    at writeGeneric (node:internal/stream_base_commons:151:3)
    at Socket._writeGeneric (node:net:962:11)
    at Socket._write (node:net:974:8)
    at writeOrBuffer (node:internal/streams/writable:392:12)
    at _write (node:internal/streams/writable:333:10)
    at Writable.write (node:internal/streams/writable:337:10)
    at Console.log (/Users/0xmumin/.nvm/versions/node/v18.20.5/lib/node_modules/firebase-tools/node_modules/winston/lib/winston/transports/console.js:87:23)
    at Console._write (/Users/0xmumin/.nvm/versions/node/v18.20.5/lib/node_modules/firebase-tools/node_modules/winston-transport/modern.js:103:17)
    at doWrite (/Users/0xmumin/.nvm/versions/node/v18.20.5/lib/node_modules/firebase-tools/node_modules/winston-transport/node_modules/readable-stream/lib/_stream_writable.js:390:139)
[error] 
[error] Error: An unexpected error has occurred.
[debug] [2025-08-18T03:18:50.119Z] Error: write EIO
    at afterWriteDispatched (node:internal/stream_base_commons:160:15)
    at writeGeneric (node:internal/stream_base_commons:151:3)
    at Socket._writeGeneric (node:net:962:11)
    at Socket._write (node:net:974:8)
    at writeOrBuffer (node:internal/streams/writable:392:12)
    at _write (node:internal/streams/writable:333:10)
    at Writable.write (node:internal/streams/writable:337:10)
    at Console.log (/Users/0xmumin/.nvm/versions/node/v18.20.5/lib/node_modules/firebase-tools/node_modules/winston/lib/winston/transports/console.js:87:23)
    at Console._write (/Users/0xmumin/.nvm/versions/node/v18.20.5/lib/node_modules/firebase-tools/node_modules/winston-transport/modern.js:103:17)
    at doWrite (/Users/0xmumin/.nvm/versions/node/v18.20.5/lib/node_modules/firebase-tools/node_modules/winston-transport/node_modules/readable-stream/lib/_stream_writable.js:390:139)
[error] 
[error] Error: An unexpected error has occurred.
[debug] [2025-08-18T03:18:50.119Z] Error: write EIO
    at afterWriteDispatched (node:internal/stream_base_commons:160:15)
    at writeGeneric (node:internal/stream_base_commons:151:3)
    at Socket._writeGeneric (node:net:962:11)
    at Socket._write (node:net:974:8)
    at writeOrBuffer (node:internal/streams/writable:392:12)
    at _write (node:internal/streams/writable:333:10)
    at Writable.write (node:internal/streams/writable:337:10)
    at Console.log (/Users/0xmumin/.nvm/versions/node/v18.20.5/lib/node_modules/firebase-tools/node_modules/winston/lib/winston/transports/console.js:87:23)
    at Console._write (/Users/0xmumin/.nvm/versions/node/v18.20.5/lib/node_modules/firebase-tools/node_modules/winston-transport/modern.js:103:17)
    at doWrite (/Users/0xmumin/.nvm/versions/node/v18.20.5/lib/node_modules/firebase-tools/node_modules/winston-transport/node_modules/readable-stream/lib/_stream_writable.js:390:139)
[error] 
[error] Error: An unexpected error has occurred.
[debug] [2025-08-18T03:18:50.119Z] Error: write EIO
    at afterWriteDispatched (node:internal/stream_base_commons:160:15)
    at writeGeneric (node:internal/stream_base_commons:151:3)
    at Socket._writeGeneric (node:net:962:11)
    at Socket._write (node:net:974:8)
    at writeOrBuffer (node:internal/streams/writable:392:12)
    at _write (node:internal/streams/writable:333:10)
    at Writable.write (node:internal/streams/writable:337:10)
    at Console.log (/Users/0xmumin/.nvm/versions/node/v18.20.5/lib/node_modules/firebase-tools/node_modules/winston/lib/winston/transports/console.js:87:23)
    at Console._write (/Users/0xmumin/.nvm/versions/node/v18.20.5/lib/node_modules/firebase-tools/node_modules/winston-transport/modern.js:103:17)
    at doWrite (/Users/0xmumin/.nvm/versions/node/v18.20.5/lib/node_modules/firebase-tools/node_modules/winston-transport/node_modules/readable-stream/lib/_stream_writable.js:390:139)
[error] 
[error] Error: An unexpected error has occurred.
[debug] [2025-08-18T03:18:50.119Z] Error: write EIO
    at afterWriteDispatched (node:internal/stream_base_commons:160:15)
    at writeGeneric (node:internal/stream_base_commons:151:3)
    at Socket._writeGeneric (node:net:962:11)
    at Socket._write (node:net:974:8)
    at writeOrBuffer (node:internal/streams/writable:392:12)
    at _write (node:internal/streams/writable:333:10)
    at Writable.write (node:internal/streams/writable:337:10)
    at Console.log (/Users/0xmumin/.nvm/versions/node/v18.20.5/lib/node_modules/firebase-tools/node_modules/winston/lib/winston/transports/console.js:87:23)
    at Console._write (/Users/0xmumin/.nvm/versions/node/v18.20.5/lib/node_modules/firebase-tools/node_modules/winston-transport/modern.js:103:17)
    at doWrite (/Users/0xmumin/.nvm/versions/node/v18.20.5/lib/node_modules/firebase-tools/node_modules/winston-transport/node_modules/readable-stream/lib/_stream_writable.js:390:139)
[error] 
[error] Error: An unexpected error has occurred.
[debug] [2025-08-18T03:18:50.119Z] Error: write EIO
    at afterWriteDispatched (node:internal/stream_base_commons:160:15)
    at writeGeneric (node:internal/stream_base_commons:151:3)
    at Socket._writeGeneric (node:net:962:11)
    at Socket._write (node:net:974:8)
    at writeOrBuffer (node:internal/streams/writable:392:12)
    at _write (node:internal/streams/writable:333:10)
    at Writable.write (node:internal/streams/writable:337:10)
    at Console.log (/Users/0xmumin/.nvm/versions/node/v18.20.5/lib/node_modules/firebase-tools/node_modules/winston/lib/winston/transports/console.js:87:23)
    at Console._write (/Users/0xmumin/.nvm/versions/node/v18.20.5/lib/node_modules/firebase-tools/node_modules/winston-transport/modern.js:103:17)
    at doWrite (/Users/0xmumin/.nvm/versions/node/v18.20.5/lib/node_modules/firebase-tools/node_modules/winston-transport/node_modules/readable-stream/lib/_stream_writable.js:390:139)
[error] 
[error] Error: An unexpected error has occurred.
[debug] [2025-08-18T03:18:50.119Z] Error: write EIO
    at afterWriteDispatched (node:internal/stream_base_commons:160:15)
    at writeGeneric (node:internal/stream_base_commons:151:3)
    at Socket._writeGeneric (node:net:962:11)
    at Socket._write (node:net:974:8)
    at writeOrBuffer (node:internal/streams/writable:392:12)
    at _write (node:internal/streams/writable:333:10)
    at Writable.write (node:internal/streams/writable:337:10)
    at Console.log (/Users/0xmumin/.nvm/versions/node/v18.20.5/lib/node_modules/firebase-tools/node_modules/winston/lib/winston/transports/console.js:87:23)
    at Console._write (/Users/0xmumin/.nvm/versions/node/v18.20.5/lib/node_modules/firebase-tools/node_modules/winston-transport/modern.js:103:17)
    at doWrite (/Users/0xmumin/.nvm/versions/node/v18.20.5/lib/node_modules/firebase-tools/node_modules/winston-transport/node_modules/readable-stream/lib/_stream_writable.js:390:139)
[error] 
[error] Error: An unexpected error has occurred.
[info] i  emulators: Shutting down emulators. {"metadata":{"emulator":{"name":"hub"},"message":"Shutting down emulators."}}
[info] i  logging: Stopping Logging Emulator {"metadata":{"emulator":{"name":"logging"},"message":"Stopping Logging Emulator"}}
[debug] [2025-08-18T03:18:50.197Z] Error: write EIO
    at afterWriteDispatched (node:internal/stream_base_commons:160:15)
    at writeGeneric (node:internal/stream_base_commons:151:3)
    at Socket._writeGeneric (node:net:962:11)
    at Socket._write (node:net:974:8)
    at writeOrBuffer (node:internal/streams/writable:392:12)
    at _write (node:internal/streams/writable:333:10)
    at Writable.write (node:internal/streams/writable:337:10)
    at Console.log (/Users/0xmumin/.nvm/versions/node/v18.20.5/lib/node_modules/firebase-tools/node_modules/winston/lib/winston/transports/console.js:87:23)
    at Console._write (/Users/0xmumin/.nvm/versions/node/v18.20.5/lib/node_modules/firebase-tools/node_modules/winston-transport/modern.js:103:17)
    at doWrite (/Users/0xmumin/.nvm/versions/node/v18.20.5/lib/node_modules/firebase-tools/node_modules/winston-transport/node_modules/readable-stream/lib/_stream_writable.js:390:139)
[error] 
[error] Error: An unexpected error has occurred.
[debug] [2025-08-18T03:18:50.198Z] Error: write EIO
    at afterWriteDispatched (node:internal/stream_base_commons:160:15)
    at writeGeneric (node:internal/stream_base_commons:151:3)
    at Socket._writeGeneric (node:net:962:11)
    at Socket._write (node:net:974:8)
    at writeOrBuffer (node:internal/streams/writable:392:12)
    at _write (node:internal/streams/writable:333:10)
    at Writable.write (node:internal/streams/writable:337:10)
    at Console.log (/Users/0xmumin/.nvm/versions/node/v18.20.5/lib/node_modules/firebase-tools/node_modules/winston/lib/winston/transports/console.js:87:23)
    at Console._write (/Users/0xmumin/.nvm/versions/node/v18.20.5/lib/node_modules/firebase-tools/node_modules/winston-transport/modern.js:103:17)
    at doWrite (/Users/0xmumin/.nvm/versions/node/v18.20.5/lib/node_modules/firebase-tools/node_modules/winston-transport/node_modules/readable-stream/lib/_stream_writable.js:390:139)
[error] 
[error] Error: An unexpected error has occurred.
[debug] [2025-08-18T03:18:50.198Z] Error: write EIO
    at afterWriteDispatched (node:internal/stream_base_commons:160:15)
    at writeGeneric (node:internal/stream_base_commons:151:3)
    at Socket._writeGeneric (node:net:962:11)
    at Socket._write (node:net:974:8)
    at writeOrBuffer (node:internal/streams/writable:392:12)
    at _write (node:internal/streams/writable:333:10)
    at Writable.write (node:internal/streams/writable:337:10)
    at Console.log (/Users/0xmumin/.nvm/versions/node/v18.20.5/lib/node_modules/firebase-tools/node_modules/winston/lib/winston/transports/console.js:87:23)
    at Console._write (/Users/0xmumin/.nvm/versions/node/v18.20.5/lib/node_modules/firebase-tools/node_modules/winston-transport/modern.js:103:17)
    at doWrite (/Users/0xmumin/.nvm/versions/node/v18.20.5/lib/node_modules/firebase-tools/node_modules/winston-transport/node_modules/readable-stream/lib/_stream_writable.js:390:139)
[error] 
[error] Error: An unexpected error has occurred.
[debug] [2025-08-18T03:18:50.198Z] Error: write EIO
    at afterWriteDispatched (node:internal/stream_base_commons:160:15)
    at writeGeneric (node:internal/stream_base_commons:151:3)
    at Socket._writeGeneric (node:net:962:11)
    at Socket._write (node:net:974:8)
    at writeOrBuffer (node:internal/streams/writable:392:12)
    at _write (node:internal/streams/writable:333:10)
    at Writable.write (node:internal/streams/writable:337:10)
    at Console.log (/Users/0xmumin/.nvm/versions/node/v18.20.5/lib/node_modules/firebase-tools/node_modules/winston/lib/winston/transports/console.js:87:23)
    at Console._write (/Users/0xmumin/.nvm/versions/node/v18.20.5/lib/node_modules/firebase-tools/node_modules/winston-transport/modern.js:103:17)
    at doWrite (/Users/0xmumin/.nvm/versions/node/v18.20.5/lib/node_modules/firebase-tools/node_modules/winston-transport/node_modules/readable-stream/lib/_stream_writable.js:390:139)
[error] 
[error] Error: An unexpected error has occurred.
[debug] [2025-08-18T03:18:50.198Z] Error: write EIO
    at afterWriteDispatched (node:internal/stream_base_commons:160:15)
    at writeGeneric (node:internal/stream_base_commons:151:3)
    at Socket._writeGeneric (node:net:962:11)
    at Socket._write (node:net:974:8)
    at writeOrBuffer (node:internal/streams/writable:392:12)
    at _write (node:internal/streams/writable:333:10)
    at Writable.write (node:internal/streams/writable:337:10)
    at Console.log (/Users/0xmumin/.nvm/versions/node/v18.20.5/lib/node_modules/firebase-tools/node_modules/winston/lib/winston/transports/console.js:87:23)
    at Console._write (/Users/0xmumin/.nvm/versions/node/v18.20.5/lib/node_modules/firebase-tools/node_modules/winston-transport/modern.js:103:17)
    at doWrite (/Users/0xmumin/.nvm/versions/node/v18.20.5/lib/node_modules/firebase-tools/node_modules/winston-transport/node_modules/readable-stream/lib/_stream_writable.js:390:139)
[error] 
[error] Error: An unexpected error has occurred.
[debug] [2025-08-18T03:18:50.199Z] Error: write EIO
    at afterWriteDispatched (node:internal/stream_base_commons:160:15)
    at writeGeneric (node:internal/stream_base_commons:151:3)
    at Socket._writeGeneric (node:net:962:11)
    at Socket._write (node:net:974:8)
    at writeOrBuffer (node:internal/streams/writable:392:12)
    at _write (node:internal/streams/writable:333:10)
    at Writable.write (node:internal/streams/writable:337:10)
    at Console.log (/Users/0xmumin/.nvm/versions/node/v18.20.5/lib/node_modules/firebase-tools/node_modules/winston/lib/winston/transports/console.js:87:23)
    at Console._write (/Users/0xmumin/.nvm/versions/node/v18.20.5/lib/node_modules/firebase-tools/node_modules/winston-transport/modern.js:103:17)
    at doWrite (/Users/0xmumin/.nvm/versions/node/v18.20.5/lib/node_modules/firebase-tools/node_modules/winston-transport/node_modules/readable-stream/lib/_stream_writable.js:390:139)
[error] 
[error] Error: An unexpected error has occurred.
[debug] [2025-08-18T03:18:50.199Z] Error: write EIO
    at afterWriteDispatched (node:internal/stream_base_commons:160:15)
    at writeGeneric (node:internal/stream_base_commons:151:3)
    at Socket._writeGeneric (node:net:962:11)
    at Socket._write (node:net:974:8)
    at writeOrBuffer (node:internal/streams/writable:392:12)
    at _write (node:internal/streams/writable:333:10)
    at Writable.write (node:internal/streams/writable:337:10)
    at Console.log (/Users/0xmumin/.nvm/versions/node/v18.20.5/lib/node_modules/firebase-tools/node_modules/winston/lib/winston/transports/console.js:87:23)
    at Console._write (/Users/0xmumin/.nvm/versions/node/v18.20.5/lib/node_modules/firebase-tools/node_modules/winston-transport/modern.js:103:17)
    at doWrite (/Users/0xmumin/.nvm/versions/node/v18.20.5/lib/node_modules/firebase-tools/node_modules/winston-transport/node_modules/readable-stream/lib/_stream_writable.js:390:139)
[error] 
[error] Error: An unexpected error has occurred.
[debug] [2025-08-18T03:18:50.199Z] Error: write EIO
    at afterWriteDispatched (node:internal/stream_base_commons:160:15)
    at writeGeneric (node:internal/stream_base_commons:151:3)
    at Socket._writeGeneric (node:net:962:11)
    at Socket._write (node:net:974:8)
    at writeOrBuffer (node:internal/streams/writable:392:12)
    at _write (node:internal/streams/writable:333:10)
    at Writable.write (node:internal/streams/writable:337:10)
    at Console.log (/Users/0xmumin/.nvm/versions/node/v18.20.5/lib/node_modules/firebase-tools/node_modules/winston/lib/winston/transports/console.js:87:23)
    at Console._write (/Users/0xmumin/.nvm/versions/node/v18.20.5/lib/node_modules/firebase-tools/node_modules/winston-transport/modern.js:103:17)
    at doWrite (/Users/0xmumin/.nvm/versions/node/v18.20.5/lib/node_modules/firebase-tools/node_modules/winston-transport/node_modules/readable-stream/lib/_stream_writable.js:390:139)
[error] 
[error] Error: An unexpected error has occurred.
[debug] [2025-08-18T03:18:50.199Z] Error: write EIO
    at afterWriteDispatched (node:internal/stream_base_commons:160:15)
    at writeGeneric (node:internal/stream_base_commons:151:3)
    at Socket._writeGeneric (node:net:962:11)
    at Socket._write (node:net:974:8)
    at writeOrBuffer (node:internal/streams/writable:392:12)
    at _write (node:internal/streams/writable:333:10)
    at Writable.write (node:internal/streams/writable:337:10)
    at Console.log (/Users/0xmumin/.nvm/versions/node/v18.20.5/lib/node_modules/firebase-tools/node_modules/winston/lib/winston/transports/console.js:87:23)
    at Console._write (/Users/0xmumin/.nvm/versions/node/v18.20.5/lib/node_modules/firebase-tools/node_modules/winston-transport/modern.js:103:17)
    at doWrite (/Users/0xmumin/.nvm/versions/node/v18.20.5/lib/node_modules/firebase-tools/node_modules/winston-transport/node_modules/readable-stream/lib/_stream_writable.js:390:139)
[error] 
[error] Error: An unexpected error has occurred.
[debug] [2025-08-18T03:18:50.200Z] Error: write EIO
    at afterWriteDispatched (node:internal/stream_base_commons:160:15)
    at writeGeneric (node:internal/stream_base_commons:151:3)
    at Socket._writeGeneric (node:net:962:11)
    at Socket._write (node:net:974:8)
    at writeOrBuffer (node:internal/streams/writable:392:12)
    at _write (node:internal/streams/writable:333:10)
    at Writable.write (node:internal/streams/writable:337:10)
    at Console.log (/Users/0xmumin/.nvm/versions/node/v18.20.5/lib/node_modules/firebase-tools/node_modules/winston/lib/winston/transports/console.js:87:23)
    at Console._write (/Users/0xmumin/.nvm/versions/node/v18.20.5/lib/node_modules/firebase-tools/node_modules/winston-transport/modern.js:103:17)
    at doWrite (/Users/0xmumin/.nvm/versions/node/v18.20.5/lib/node_modules/firebase-tools/node_modules/winston-transport/node_modules/readable-stream/lib/_stream_writable.js:390:139)
[error] 
[error] Error: An unexpected error has occurred.
[debug] [2025-08-18T03:18:50.200Z] Error: write EIO
    at afterWriteDispatched (node:internal/stream_base_commons:160:15)
    at writeGeneric (node:internal/stream_base_commons:151:3)
    at Socket._writeGeneric (node:net:962:11)
    at Socket._write (node:net:974:8)
    at writeOrBuffer (node:internal/streams/writable:392:12)
    at _write (node:internal/streams/writable:333:10)
    at Writable.write (node:internal/streams/writable:337:10)
    at Console.log (/Users/0xmumin/.nvm/versions/node/v18.20.5/lib/node_modules/firebase-tools/node_modules/winston/lib/winston/transports/console.js:87:23)
    at Console._write (/Users/0xmumin/.nvm/versions/node/v18.20.5/lib/node_modules/firebase-tools/node_modules/winston-transport/modern.js:103:17)
    at doWrite (/Users/0xmumin/.nvm/versions/node/v18.20.5/lib/node_modules/firebase-tools/node_modules/winston-transport/node_modules/readable-stream/lib/_stream_writable.js:390:139)
[error] 
[error] Error: An unexpected error has occurred.
[debug] [2025-08-18T03:18:50.200Z] Error: write EIO
    at afterWriteDispatched (node:internal/stream_base_commons:160:15)
    at writeGeneric (node:internal/stream_base_commons:151:3)
    at Socket._writeGeneric (node:net:962:11)
    at Socket._write (node:net:974:8)
    at writeOrBuffer (node:internal/streams/writable:392:12)
    at _write (node:internal/streams/writable:333:10)
    at Writable.write (node:internal/streams/writable:337:10)
    at Console.log (/Users/0xmumin/.nvm/versions/node/v18.20.5/lib/node_modules/firebase-tools/node_modules/winston/lib/winston/transports/console.js:87:23)
    at Console._write (/Users/0xmumin/.nvm/versions/node/v18.20.5/lib/node_modules/firebase-tools/node_modules/winston-transport/modern.js:103:17)
    at doWrite (/Users/0xmumin/.nvm/versions/node/v18.20.5/lib/node_modules/firebase-tools/node_modules/winston-transport/node_modules/readable-stream/lib/_stream_writable.js:390:139)
[error] 
[error] Error: An unexpected error has occurred.
[debug] [2025-08-18T03:18:50.200Z] Error: write EIO
    at afterWriteDispatched (node:internal/stream_base_commons:160:15)
    at writeGeneric (node:internal/stream_base_commons:151:3)
    at Socket._writeGeneric (node:net:962:11)
    at Socket._write (node:net:974:8)
    at writeOrBuffer (node:internal/streams/writable:392:12)
    at _write (node:internal/streams/writable:333:10)
    at Writable.write (node:internal/streams/writable:337:10)
    at Console.log (/Users/0xmumin/.nvm/versions/node/v18.20.5/lib/node_modules/firebase-tools/node_modules/winston/lib/winston/transports/console.js:87:23)
    at Console._write (/Users/0xmumin/.nvm/versions/node/v18.20.5/lib/node_modules/firebase-tools/node_modules/winston-transport/modern.js:103:17)
    at doWrite (/Users/0xmumin/.nvm/versions/node/v18.20.5/lib/node_modules/firebase-tools/node_modules/winston-transport/node_modules/readable-stream/lib/_stream_writable.js:390:139)
[error] 
[error] Error: An unexpected error has occurred.
[debug] [2025-08-18T03:18:50.200Z] Error: write EIO
    at afterWriteDispatched (node:internal/stream_base_commons:160:15)
    at writeGeneric (node:internal/stream_base_commons:151:3)
    at Socket._writeGeneric (node:net:962:11)
    at Socket._write (node:net:974:8)
    at writeOrBuffer (node:internal/streams/writable:392:12)
    at _write (node:internal/streams/writable:333:10)
    at Writable.write (node:internal/streams/writable:337:10)
    at Console.log (/Users/0xmumin/.nvm/versions/node/v18.20.5/lib/node_modules/firebase-tools/node_modules/winston/lib/winston/transports/console.js:87:23)
    at Console._write (/Users/0xmumin/.nvm/versions/node/v18.20.5/lib/node_modules/firebase-tools/node_modules/winston-transport/modern.js:103:17)
    at doWrite (/Users/0xmumin/.nvm/versions/node/v18.20.5/lib/node_modules/firebase-tools/node_modules/winston-transport/node_modules/readable-stream/lib/_stream_writable.js:390:139)
[error] 
[error] Error: An unexpected error has occurred.
[debug] [2025-08-18T03:18:50.200Z] Error: write EIO
    at afterWriteDispatched (node:internal/stream_base_commons:160:15)
    at writeGeneric (node:internal/stream_base_commons:151:3)
    at Socket._writeGeneric (node:net:962:11)
    at Socket._write (node:net:974:8)
    at writeOrBuffer (node:internal/streams/writable:392:12)
    at _write (node:internal/streams/writable:333:10)
    at Writable.write (node:internal/streams/writable:337:10)
    at Console.log (/Users/0xmumin/.nvm/versions/node/v18.20.5/lib/node_modules/firebase-tools/node_modules/winston/lib/winston/transports/console.js:87:23)
    at Console._write (/Users/0xmumin/.nvm/versions/node/v18.20.5/lib/node_modules/firebase-tools/node_modules/winston-transport/modern.js:103:17)
    at doWrite (/Users/0xmumin/.nvm/versions/node/v18.20.5/lib/node_modules/firebase-tools/node_modules/winston-transport/node_modules/readable-stream/lib/_stream_writable.js:390:139)
[error] 
[error] Error: An unexpected error has occurred.
[debug] [2025-08-18T03:18:50.200Z] Error: write EIO
    at afterWriteDispatched (node:internal/stream_base_commons:160:15)
    at writeGeneric (node:internal/stream_base_commons:151:3)
    at Socket._writeGeneric (node:net:962:11)
    at Socket._write (node:net:974:8)
    at writeOrBuffer (node:internal/streams/writable:392:12)
    at _write (node:internal/streams/writable:333:10)
    at Writable.write (node:internal/streams/writable:337:10)
    at Console.log (/Users/0xmumin/.nvm/versions/node/v18.20.5/lib/node_modules/firebase-tools/node_modules/winston/lib/winston/transports/console.js:87:23)
    at Console._write (/Users/0xmumin/.nvm/versions/node/v18.20.5/lib/node_modules/firebase-tools/node_modules/winston-transport/modern.js:103:17)
    at doWrite (/Users/0xmumin/.nvm/versions/node/v18.20.5/lib/node_modules/firebase-tools/node_modules/winston-transport/node_modules/readable-stream/lib/_stream_writable.js:390:139)
[error] 
[error] Error: An unexpected error has occurred.
[debug] [2025-08-18T03:18:50.200Z] Error: write EIO
    at afterWriteDispatched (node:internal/stream_base_commons:160:15)
    at writeGeneric (node:internal/stream_base_commons:151:3)
    at Socket._writeGeneric (node:net:962:11)
    at Socket._write (node:net:974:8)
    at writeOrBuffer (node:internal/streams/writable:392:12)
    at _write (node:internal/streams/writable:333:10)
    at Writable.write (node:internal/streams/writable:337:10)
    at Console.log (/Users/0xmumin/.nvm/versions/node/v18.20.5/lib/node_modules/firebase-tools/node_modules/winston/lib/winston/transports/console.js:87:23)
    at Console._write (/Users/0xmumin/.nvm/versions/node/v18.20.5/lib/node_modules/firebase-tools/node_modules/winston-transport/modern.js:103:17)
    at doWrite (/Users/0xmumin/.nvm/versions/node/v18.20.5/lib/node_modules/firebase-tools/node_modules/winston-transport/node_modules/readable-stream/lib/_stream_writable.js:390:139)
[error] 
[error] Error: An unexpected error has occurred.
[debug] [2025-08-18T03:18:50.204Z] Error: write EIO
    at afterWriteDispatched (node:internal/stream_base_commons:160:15)
    at writeGeneric (node:internal/stream_base_commons:151:3)
    at Socket._writeGeneric (node:net:962:11)
    at Socket._write (node:net:974:8)
    at writeOrBuffer (node:internal/streams/writable:392:12)
    at _write (node:internal/streams/writable:333:10)
    at Writable.write (node:internal/streams/writable:337:10)
    at Console.log (/Users/0xmumin/.nvm/versions/node/v18.20.5/lib/node_modules/firebase-tools/node_modules/winston/lib/winston/transports/console.js:87:23)
    at Console._write (/Users/0xmumin/.nvm/versions/node/v18.20.5/lib/node_modules/firebase-tools/node_modules/winston-transport/modern.js:103:17)
    at doWrite (/Users/0xmumin/.nvm/versions/node/v18.20.5/lib/node_modules/firebase-tools/node_modules/winston-transport/node_modules/readable-stream/lib/_stream_writable.js:390:139)
[error] 
[error] Error: An unexpected error has occurred.
[debug] [2025-08-18T03:18:50.204Z] Error: write EIO
    at afterWriteDispatched (node:internal/stream_base_commons:160:15)
    at writeGeneric (node:internal/stream_base_commons:151:3)
    at Socket._writeGeneric (node:net:962:11)
    at Socket._write (node:net:974:8)
    at writeOrBuffer (node:internal/streams/writable:392:12)
    at _write (node:internal/streams/writable:333:10)
    at Writable.write (node:internal/streams/writable:337:10)
    at Console.log (/Users/0xmumin/.nvm/versions/node/v18.20.5/lib/node_modules/firebase-tools/node_modules/winston/lib/winston/transports/console.js:87:23)
    at Console._write (/Users/0xmumin/.nvm/versions/node/v18.20.5/lib/node_modules/firebase-tools/node_modules/winston-transport/modern.js:103:17)
    at doWrite (/Users/0xmumin/.nvm/versions/node/v18.20.5/lib/node_modules/firebase-tools/node_modules/winston-transport/node_modules/readable-stream/lib/_stream_writable.js:390:139)
[error] 
[error] Error: An unexpected error has occurred.
[debug] [2025-08-18T03:18:50.204Z] Error: write EIO
    at afterWriteDispatched (node:internal/stream_base_commons:160:15)
    at writeGeneric (node:internal/stream_base_commons:151:3)
    at Socket._writeGeneric (node:net:962:11)
    at Socket._write (node:net:974:8)
    at writeOrBuffer (node:internal/streams/writable:392:12)
    at _write (node:internal/streams/writable:333:10)
    at Writable.write (node:internal/streams/writable:337:10)
    at Console.log (/Users/0xmumin/.nvm/versions/node/v18.20.5/lib/node_modules/firebase-tools/node_modules/winston/lib/winston/transports/console.js:87:23)
    at Console._write (/Users/0xmumin/.nvm/versions/node/v18.20.5/lib/node_modules/firebase-tools/node_modules/winston-transport/modern.js:103:17)
    at doWrite (/Users/0xmumin/.nvm/versions/node/v18.20.5/lib/node_modules/firebase-tools/node_modules/winston-transport/node_modules/readable-stream/lib/_stream_writable.js:390:139)
[error] 
[error] Error: An unexpected error has occurred.
[debug] [2025-08-18T03:18:50.204Z] Error: write EIO
    at afterWriteDispatched (node:internal/stream_base_commons:160:15)
    at writeGeneric (node:internal/stream_base_commons:151:3)
    at Socket._writeGeneric (node:net:962:11)
    at Socket._write (node:net:974:8)
    at writeOrBuffer (node:internal/streams/writable:392:12)
    at _write (node:internal/streams/writable:333:10)
    at Writable.write (node:internal/streams/writable:337:10)
    at Console.log (/Users/0xmumin/.nvm/versions/node/v18.20.5/lib/node_modules/firebase-tools/node_modules/winston/lib/winston/transports/console.js:87:23)
    at Console._write (/Users/0xmumin/.nvm/versions/node/v18.20.5/lib/node_modules/firebase-tools/node_modules/winston-transport/modern.js:103:17)
    at doWrite (/Users/0xmumin/.nvm/versions/node/v18.20.5/lib/node_modules/firebase-tools/node_modules/winston-transport/node_modules/readable-stream/lib/_stream_writable.js:390:139)
[error] 
[error] Error: An unexpected error has occurred.
[debug] [2025-08-18T03:18:50.204Z] Error: write EIO
    at afterWriteDispatched (node:internal/stream_base_commons:160:15)
    at writeGeneric (node:internal/stream_base_commons:151:3)
    at Socket._writeGeneric (node:net:962:11)
    at Socket._write (node:net:974:8)
    at writeOrBuffer (node:internal/streams/writable:392:12)
    at _write (node:internal/streams/writable:333:10)
    at Writable.write (node:internal/streams/writable:337:10)
    at Console.log (/Users/0xmumin/.nvm/versions/node/v18.20.5/lib/node_modules/firebase-tools/node_modules/winston/lib/winston/transports/console.js:87:23)
    at Console._write (/Users/0xmumin/.nvm/versions/node/v18.20.5/lib/node_modules/firebase-tools/node_modules/winston-transport/modern.js:103:17)
    at doWrite (/Users/0xmumin/.nvm/versions/node/v18.20.5/lib/node_modules/firebase-tools/node_modules/winston-transport/node_modules/readable-stream/lib/_stream_writable.js:390:139)
[error] 
[error] Error: An unexpected error has occurred.
[debug] [2025-08-18T03:18:50.204Z] Error: write EIO
    at afterWriteDispatched (node:internal/stream_base_commons:160:15)
    at writeGeneric (node:internal/stream_base_commons:151:3)
    at Socket._writeGeneric (node:net:962:11)
    at Socket._write (node:net:974:8)
    at writeOrBuffer (node:internal/streams/writable:392:12)
    at _write (node:internal/streams/writable:333:10)
    at Writable.write (node:internal/streams/writable:337:10)
    at Console.log (/Users/0xmumin/.nvm/versions/node/v18.20.5/lib/node_modules/firebase-tools/node_modules/winston/lib/winston/transports/console.js:87:23)
    at Console._write (/Users/0xmumin/.nvm/versions/node/v18.20.5/lib/node_modules/firebase-tools/node_modules/winston-transport/modern.js:103:17)
    at doWrite (/Users/0xmumin/.nvm/versions/node/v18.20.5/lib/node_modules/firebase-tools/node_modules/winston-transport/node_modules/readable-stream/lib/_stream_writable.js:390:139)
[error] 
[error] Error: An unexpected error has occurred.
[debug] [2025-08-18T03:18:50.204Z] Error: write EIO
    at afterWriteDispatched (node:internal/stream_base_commons:160:15)
    at writeGeneric (node:internal/stream_base_commons:151:3)
    at Socket._writeGeneric (node:net:962:11)
    at Socket._write (node:net:974:8)
    at writeOrBuffer (node:internal/streams/writable:392:12)
    at _write (node:internal/streams/writable:333:10)
    at Writable.write (node:internal/streams/writable:337:10)
    at Console.log (/Users/0xmumin/.nvm/versions/node/v18.20.5/lib/node_modules/firebase-tools/node_modules/winston/lib/winston/transports/console.js:87:23)
    at Console._write (/Users/0xmumin/.nvm/versions/node/v18.20.5/lib/node_modules/firebase-tools/node_modules/winston-transport/modern.js:103:17)
    at doWrite (/Users/0xmumin/.nvm/versions/node/v18.20.5/lib/node_modules/firebase-tools/node_modules/winston-transport/node_modules/readable-stream/lib/_stream_writable.js:390:139)
[error] 
[error] Error: An unexpected error has occurred.
[debug] [2025-08-18T03:18:50.205Z] Error: write EIO
    at afterWriteDispatched (node:internal/stream_base_commons:160:15)
    at writeGeneric (node:internal/stream_base_commons:151:3)
    at Socket._writeGeneric (node:net:962:11)
    at Socket._write (node:net:974:8)
    at writeOrBuffer (node:internal/streams/writable:392:12)
    at _write (node:internal/streams/writable:333:10)
    at Writable.write (node:internal/streams/writable:337:10)
    at Console.log (/Users/0xmumin/.nvm/versions/node/v18.20.5/lib/node_modules/firebase-tools/node_modules/winston/lib/winston/transports/console.js:87:23)
    at Console._write (/Users/0xmumin/.nvm/versions/node/v18.20.5/lib/node_modules/firebase-tools/node_modules/winston-transport/modern.js:103:17)
    at doWrite (/Users/0xmumin/.nvm/versions/node/v18.20.5/lib/node_modules/firebase-tools/node_modules/winston-transport/node_modules/readable-stream/lib/_stream_writable.js:390:139)
[error] 
[error] Error: An unexpected error has occurred.
[debug] [2025-08-18T03:18:50.205Z] Error: write EIO
    at afterWriteDispatched (node:internal/stream_base_commons:160:15)
    at writeGeneric (node:internal/stream_base_commons:151:3)
    at Socket._writeGeneric (node:net:962:11)
    at Socket._write (node:net:974:8)
    at writeOrBuffer (node:internal/streams/writable:392:12)
    at _write (node:internal/streams/writable:333:10)
    at Writable.write (node:internal/streams/writable:337:10)
    at Console.log (/Users/0xmumin/.nvm/versions/node/v18.20.5/lib/node_modules/firebase-tools/node_modules/winston/lib/winston/transports/console.js:87:23)
    at Console._write (/Users/0xmumin/.nvm/versions/node/v18.20.5/lib/node_modules/firebase-tools/node_modules/winston-transport/modern.js:103:17)
    at doWrite (/Users/0xmumin/.nvm/versions/node/v18.20.5/lib/node_modules/firebase-tools/node_modules/winston-transport/node_modules/readable-stream/lib/_stream_writable.js:390:139)
[error] 
[error] Error: An unexpected error has occurred.
[debug] [2025-08-18T03:18:50.205Z] Error: write EIO
    at afterWriteDispatched (node:internal/stream_base_commons:160:15)
    at writeGeneric (node:internal/stream_base_commons:151:3)
    at Socket._writeGeneric (node:net:962:11)
    at Socket._write (node:net:974:8)
    at writeOrBuffer (node:internal/streams/writable:392:12)
    at _write (node:internal/streams/writable:333:10)
    at Writable.write (node:internal/streams/writable:337:10)
    at Console.log (/Users/0xmumin/.nvm/versions/node/v18.20.5/lib/node_modules/firebase-tools/node_modules/winston/lib/winston/transports/console.js:87:23)
    at Console._write (/Users/0xmumin/.nvm/versions/node/v18.20.5/lib/node_modules/firebase-tools/node_modules/winston-transport/modern.js:103:17)
    at doWrite (/Users/0xmumin/.nvm/versions/node/v18.20.5/lib/node_modules/firebase-tools/node_modules/winston-transport/node_modules/readable-stream/lib/_stream_writable.js:390:139)
[error] 
[error] Error: An unexpected error has occurred.
[debug] [2025-08-18T03:18:50.205Z] Error: write EIO
    at afterWriteDispatched (node:internal/stream_base_commons:160:15)
    at writeGeneric (node:internal/stream_base_commons:151:3)
    at Socket._writeGeneric (node:net:962:11)
    at Socket._write (node:net:974:8)
    at writeOrBuffer (node:internal/streams/writable:392:12)
    at _write (node:internal/streams/writable:333:10)
    at Writable.write (node:internal/streams/writable:337:10)
    at Console.log (/Users/0xmumin/.nvm/versions/node/v18.20.5/lib/node_modules/firebase-tools/node_modules/winston/lib/winston/transports/console.js:87:23)
    at Console._write (/Users/0xmumin/.nvm/versions/node/v18.20.5/lib/node_modules/firebase-tools/node_modules/winston-transport/modern.js:103:17)
    at doWrite (/Users/0xmumin/.nvm/versions/node/v18.20.5/lib/node_modules/firebase-tools/node_modules/winston-transport/node_modules/readable-stream/lib/_stream_writable.js:390:139)
[error] 
[error] Error: An unexpected error has occurred.
[debug] [2025-08-18T03:18:50.205Z] Error: write EIO
    at afterWriteDispatched (node:internal/stream_base_commons:160:15)
    at writeGeneric (node:internal/stream_base_commons:151:3)
    at Socket._writeGeneric (node:net:962:11)
    at Socket._write (node:net:974:8)
    at writeOrBuffer (node:internal/streams/writable:392:12)
    at _write (node:internal/streams/writable:333:10)
    at Writable.write (node:internal/streams/writable:337:10)
    at Console.log (/Users/0xmumin/.nvm/versions/node/v18.20.5/lib/node_modules/firebase-tools/node_modules/winston/lib/winston/transports/console.js:87:23)
    at Console._write (/Users/0xmumin/.nvm/versions/node/v18.20.5/lib/node_modules/firebase-tools/node_modules/winston-transport/modern.js:103:17)
    at doWrite (/Users/0xmumin/.nvm/versions/node/v18.20.5/lib/node_modules/firebase-tools/node_modules/winston-transport/node_modules/readable-stream/lib/_stream_writable.js:390:139)
[error] 
[error] Error: An unexpected error has occurred.
[debug] [2025-08-18T03:18:50.205Z] Error: write EIO
    at afterWriteDispatched (node:internal/stream_base_commons:160:15)
    at writeGeneric (node:internal/stream_base_commons:151:3)
    at Socket._writeGeneric (node:net:962:11)
    at Socket._write (node:net:974:8)
    at writeOrBuffer (node:internal/streams/writable:392:12)
    at _write (node:internal/streams/writable:333:10)
    at Writable.write (node:internal/streams/writable:337:10)
    at Console.log (/Users/0xmumin/.nvm/versions/node/v18.20.5/lib/node_modules/firebase-tools/node_modules/winston/lib/winston/transports/console.js:87:23)
    at Console._write (/Users/0xmumin/.nvm/versions/node/v18.20.5/lib/node_modules/firebase-tools/node_modules/winston-transport/modern.js:103:17)
    at doWrite (/Users/0xmumin/.nvm/versions/node/v18.20.5/lib/node_modules/firebase-tools/node_modules/winston-transport/node_modules/readable-stream/lib/_stream_writable.js:390:139)
[error] 
[error] Error: An unexpected error has occurred.
[debug] [2025-08-18T03:18:50.205Z] Error: write EIO
    at afterWriteDispatched (node:internal/stream_base_commons:160:15)
    at writeGeneric (node:internal/stream_base_commons:151:3)
    at Socket._writeGeneric (node:net:962:11)
    at Socket._write (node:net:974:8)
    at writeOrBuffer (node:internal/streams/writable:392:12)
    at _write (node:internal/streams/writable:333:10)
    at Writable.write (node:internal/streams/writable:337:10)
    at Console.log (/Users/0xmumin/.nvm/versions/node/v18.20.5/lib/node_modules/firebase-tools/node_modules/winston/lib/winston/transports/console.js:87:23)
    at Console._write (/Users/0xmumin/.nvm/versions/node/v18.20.5/lib/node_modules/firebase-tools/node_modules/winston-transport/modern.js:103:17)
    at doWrite (/Users/0xmumin/.nvm/versions/node/v18.20.5/lib/node_modules/firebase-tools/node_modules/winston-transport/node_modules/readable-stream/lib/_stream_writable.js:390:139)
[error] 
[error] Error: An unexpected error has occurred.
[debug] [2025-08-18T03:18:50.205Z] Error: write EIO
    at afterWriteDispatched (node:internal/stream_base_commons:160:15)
    at writeGeneric (node:internal/stream_base_commons:151:3)
    at Socket._writeGeneric (node:net:962:11)
    at Socket._write (node:net:974:8)
    at writeOrBuffer (node:internal/streams/writable:392:12)
    at _write (node:internal/streams/writable:333:10)
    at Writable.write (node:internal/streams/writable:337:10)
    at Console.log (/Users/0xmumin/.nvm/versions/node/v18.20.5/lib/node_modules/firebase-tools/node_modules/winston/lib/winston/transports/console.js:87:23)
    at Console._write (/Users/0xmumin/.nvm/versions/node/v18.20.5/lib/node_modules/firebase-tools/node_modules/winston-transport/modern.js:103:17)
    at doWrite (/Users/0xmumin/.nvm/versions/node/v18.20.5/lib/node_modules/firebase-tools/node_modules/winston-transport/node_modules/readable-stream/lib/_stream_writable.js:390:139)
[error] 
[error] Error: An unexpected error has occurred.
[debug] [2025-08-18T03:18:50.206Z] Error: write EIO
    at afterWriteDispatched (node:internal/stream_base_commons:160:15)
    at writeGeneric (node:internal/stream_base_commons:151:3)
    at Socket._writeGeneric (node:net:962:11)
    at Socket._write (node:net:974:8)
    at writeOrBuffer (node:internal/streams/writable:392:12)
    at _write (node:internal/streams/writable:333:10)
    at Writable.write (node:internal/streams/writable:337:10)
    at Console.log (/Users/0xmumin/.nvm/versions/node/v18.20.5/lib/node_modules/firebase-tools/node_modules/winston/lib/winston/transports/console.js:87:23)
    at Console._write (/Users/0xmumin/.nvm/versions/node/v18.20.5/lib/node_modules/firebase-tools/node_modules/winston-transport/modern.js:103:17)
    at doWrite (/Users/0xmumin/.nvm/versions/node/v18.20.5/lib/node_modules/firebase-tools/node_modules/winston-transport/node_modules/readable-stream/lib/_stream_writable.js:390:139)
[error] 
[error] Error: An unexpected error has occurred.
[debug] [2025-08-18T03:18:50.206Z] Error: write EIO
    at afterWriteDispatched (node:internal/stream_base_commons:160:15)
    at writeGeneric (node:internal/stream_base_commons:151:3)
    at Socket._writeGeneric (node:net:962:11)
    at Socket._write (node:net:974:8)
    at writeOrBuffer (node:internal/streams/writable:392:12)
    at _write (node:internal/streams/writable:333:10)
    at Writable.write (node:internal/streams/writable:337:10)
    at Console.log (/Users/0xmumin/.nvm/versions/node/v18.20.5/lib/node_modules/firebase-tools/node_modules/winston/lib/winston/transports/console.js:87:23)
    at Console._write (/Users/0xmumin/.nvm/versions/node/v18.20.5/lib/node_modules/firebase-tools/node_modules/winston-transport/modern.js:103:17)
    at doWrite (/Users/0xmumin/.nvm/versions/node/v18.20.5/lib/node_modules/firebase-tools/node_modules/winston-transport/node_modules/readable-stream/lib/_stream_writable.js:390:139)
[error] 
[error] Error: An unexpected error has occurred.
[debug] [2025-08-18T03:18:50.206Z] Error: write EIO
    at afterWriteDispatched (node:internal/stream_base_commons:160:15)
    at writeGeneric (node:internal/stream_base_commons:151:3)
    at Socket._writeGeneric (node:net:962:11)
    at Socket._write (node:net:974:8)
    at writeOrBuffer (node:internal/streams/writable:392:12)
    at _write (node:internal/streams/writable:333:10)
    at Writable.write (node:internal/streams/writable:337:10)
    at Console.log (/Users/0xmumin/.nvm/versions/node/v18.20.5/lib/node_modules/firebase-tools/node_modules/winston/lib/winston/transports/console.js:87:23)
    at Console._write (/Users/0xmumin/.nvm/versions/node/v18.20.5/lib/node_modules/firebase-tools/node_modules/winston-transport/modern.js:103:17)
    at doWrite (/Users/0xmumin/.nvm/versions/node/v18.20.5/lib/node_modules/firebase-tools/node_modules/winston-transport/node_modules/readable-stream/lib/_stream_writable.js:390:139)
[error] 
[error] Error: An unexpected error has occurred.
[debug] [2025-08-18T03:18:50.206Z] Error: write EIO
    at afterWriteDispatched (node:internal/stream_base_commons:160:15)
    at writeGeneric (node:internal/stream_base_commons:151:3)
    at Socket._writeGeneric (node:net:962:11)
    at Socket._write (node:net:974:8)
    at writeOrBuffer (node:internal/streams/writable:392:12)
    at _write (node:internal/streams/writable:333:10)
    at Writable.write (node:internal/streams/writable:337:10)
    at Console.log (/Users/0xmumin/.nvm/versions/node/v18.20.5/lib/node_modules/firebase-tools/node_modules/winston/lib/winston/transports/console.js:87:23)
    at Console._write (/Users/0xmumin/.nvm/versions/node/v18.20.5/lib/node_modules/firebase-tools/node_modules/winston-transport/modern.js:103:17)
    at doWrite (/Users/0xmumin/.nvm/versions/node/v18.20.5/lib/node_modules/firebase-tools/node_modules/winston-transport/node_modules/readable-stream/lib/_stream_writable.js:390:139)
[error] 
[error] Error: An unexpected error has occurred.
[debug] [2025-08-18T03:18:50.206Z] Error: write EIO
    at afterWriteDispatched (node:internal/stream_base_commons:160:15)
    at writeGeneric (node:internal/stream_base_commons:151:3)
    at Socket._writeGeneric (node:net:962:11)
    at Socket._write (node:net:974:8)
    at writeOrBuffer (node:internal/streams/writable:392:12)
    at _write (node:internal/streams/writable:333:10)
    at Writable.write (node:internal/streams/writable:337:10)
    at Console.log (/Users/0xmumin/.nvm/versions/node/v18.20.5/lib/node_modules/firebase-tools/node_modules/winston/lib/winston/transports/console.js:87:23)
    at Console._write (/Users/0xmumin/.nvm/versions/node/v18.20.5/lib/node_modules/firebase-tools/node_modules/winston-transport/modern.js:103:17)
    at doWrite (/Users/0xmumin/.nvm/versions/node/v18.20.5/lib/node_modules/firebase-tools/node_modules/winston-transport/node_modules/readable-stream/lib/_stream_writable.js:390:139)
[error] 
[error] Error: An unexpected error has occurred.
[debug] [2025-08-18T03:18:50.206Z] Error: write EIO
    at afterWriteDispatched (node:internal/stream_base_commons:160:15)
    at writeGeneric (node:internal/stream_base_commons:151:3)
    at Socket._writeGeneric (node:net:962:11)
    at Socket._write (node:net:974:8)
    at writeOrBuffer (node:internal/streams/writable:392:12)
    at _write (node:internal/streams/writable:333:10)
    at Writable.write (node:internal/streams/writable:337:10)
    at Console.log (/Users/0xmumin/.nvm/versions/node/v18.20.5/lib/node_modules/firebase-tools/node_modules/winston/lib/winston/transports/console.js:87:23)
    at Console._write (/Users/0xmumin/.nvm/versions/node/v18.20.5/lib/node_modules/firebase-tools/node_modules/winston-transport/modern.js:103:17)
    at doWrite (/Users/0xmumin/.nvm/versions/node/v18.20.5/lib/node_modules/firebase-tools/node_modules/winston-transport/node_modules/readable-stream/lib/_stream_writable.js:390:139)
[error] 
[error] Error: An unexpected error has occurred.
[debug] [2025-08-18T03:18:50.207Z] Error: write EIO
    at afterWriteDispatched (node:internal/stream_base_commons:160:15)
    at writeGeneric (node:internal/stream_base_commons:151:3)
    at Socket._writeGeneric (node:net:962:11)
    at Socket._write (node:net:974:8)
    at writeOrBuffer (node:internal/streams/writable:392:12)
    at _write (node:internal/streams/writable:333:10)
    at Writable.write (node:internal/streams/writable:337:10)
    at Console.log (/Users/0xmumin/.nvm/versions/node/v18.20.5/lib/node_modules/firebase-tools/node_modules/winston/lib/winston/transports/console.js:87:23)
    at Console._write (/Users/0xmumin/.nvm/versions/node/v18.20.5/lib/node_modules/firebase-tools/node_modules/winston-transport/modern.js:103:17)
    at doWrite (/Users/0xmumin/.nvm/versions/node/v18.20.5/lib/node_modules/firebase-tools/node_modules/winston-transport/node_modules/readable-stream/lib/_stream_writable.js:390:139)
[error] 
[error] Error: An unexpected error has occurred.
[debug] [2025-08-18T03:18:50.207Z] Error: write EIO
    at afterWriteDispatched (node:internal/stream_base_commons:160:15)
    at writeGeneric (node:internal/stream_base_commons:151:3)
    at Socket._writeGeneric (node:net:962:11)
    at Socket._write (node:net:974:8)
    at writeOrBuffer (node:internal/streams/writable:392:12)
    at _write (node:internal/streams/writable:333:10)
    at Writable.write (node:internal/streams/writable:337:10)
    at Console.log (/Users/0xmumin/.nvm/versions/node/v18.20.5/lib/node_modules/firebase-tools/node_modules/winston/lib/winston/transports/console.js:87:23)
    at Console._write (/Users/0xmumin/.nvm/versions/node/v18.20.5/lib/node_modules/firebase-tools/node_modules/winston-transport/modern.js:103:17)
    at doWrite (/Users/0xmumin/.nvm/versions/node/v18.20.5/lib/node_modules/firebase-tools/node_modules/winston-transport/node_modules/readable-stream/lib/_stream_writable.js:390:139)
[error] 
[error] Error: An unexpected error has occurred.
[debug] [2025-08-18T03:18:50.207Z] Error: write EIO
    at afterWriteDispatched (node:internal/stream_base_commons:160:15)
    at writeGeneric (node:internal/stream_base_commons:151:3)
    at Socket._writeGeneric (node:net:962:11)
    at Socket._write (node:net:974:8)
    at writeOrBuffer (node:internal/streams/writable:392:12)
    at _write (node:internal/streams/writable:333:10)
    at Writable.write (node:internal/streams/writable:337:10)
    at Console.log (/Users/0xmumin/.nvm/versions/node/v18.20.5/lib/node_modules/firebase-tools/node_modules/winston/lib/winston/transports/console.js:87:23)
    at Console._write (/Users/0xmumin/.nvm/versions/node/v18.20.5/lib/node_modules/firebase-tools/node_modules/winston-transport/modern.js:103:17)
    at doWrite (/Users/0xmumin/.nvm/versions/node/v18.20.5/lib/node_modules/firebase-tools/node_modules/winston-transport/node_modules/readable-stream/lib/_stream_writable.js:390:139)
[error] 
[error] Error: An unexpected error has occurred.
[debug] [2025-08-18T03:18:50.207Z] Error: write EIO
    at afterWriteDispatched (node:internal/stream_base_commons:160:15)
    at writeGeneric (node:internal/stream_base_commons:151:3)
    at Socket._writeGeneric (node:net:962:11)
    at Socket._write (node:net:974:8)
    at writeOrBuffer (node:internal/streams/writable:392:12)
    at _write (node:internal/streams/writable:333:10)
    at Writable.write (node:internal/streams/writable:337:10)
    at Console.log (/Users/0xmumin/.nvm/versions/node/v18.20.5/lib/node_modules/firebase-tools/node_modules/winston/lib/winston/transports/console.js:87:23)
    at Console._write (/Users/0xmumin/.nvm/versions/node/v18.20.5/lib/node_modules/firebase-tools/node_modules/winston-transport/modern.js:103:17)
    at doWrite (/Users/0xmumin/.nvm/versions/node/v18.20.5/lib/node_modules/firebase-tools/node_modules/winston-transport/node_modules/readable-stream/lib/_stream_writable.js:390:139)
[error] 
[error] Error: An unexpected error has occurred.
[debug] [2025-08-18T03:18:50.207Z] Error: write EIO
    at afterWriteDispatched (node:internal/stream_base_commons:160:15)
    at writeGeneric (node:internal/stream_base_commons:151:3)
    at Socket._writeGeneric (node:net:962:11)
    at Socket._write (node:net:974:8)
    at writeOrBuffer (node:internal/streams/writable:392:12)
    at _write (node:internal/streams/writable:333:10)
    at Writable.write (node:internal/streams/writable:337:10)
    at Console.log (/Users/0xmumin/.nvm/versions/node/v18.20.5/lib/node_modules/firebase-tools/node_modules/winston/lib/winston/transports/console.js:87:23)
    at Console._write (/Users/0xmumin/.nvm/versions/node/v18.20.5/lib/node_modules/firebase-tools/node_modules/winston-transport/modern.js:103:17)
    at doWrite (/Users/0xmumin/.nvm/versions/node/v18.20.5/lib/node_modules/firebase-tools/node_modules/winston-transport/node_modules/readable-stream/lib/_stream_writable.js:390:139)
[error] 
[error] Error: An unexpected error has occurred.
[debug] [2025-08-18T03:18:50.207Z] Error: write EIO
    at afterWriteDispatched (node:internal/stream_base_commons:160:15)
    at writeGeneric (node:internal/stream_base_commons:151:3)
    at Socket._writeGeneric (node:net:962:11)
    at Socket._write (node:net:974:8)
    at writeOrBuffer (node:internal/streams/writable:392:12)
    at _write (node:internal/streams/writable:333:10)
    at Writable.write (node:internal/streams/writable:337:10)
    at Console.log (/Users/0xmumin/.nvm/versions/node/v18.20.5/lib/node_modules/firebase-tools/node_modules/winston/lib/winston/transports/console.js:87:23)
    at Console._write (/Users/0xmumin/.nvm/versions/node/v18.20.5/lib/node_modules/firebase-tools/node_modules/winston-transport/modern.js:103:17)
    at doWrite (/Users/0xmumin/.nvm/versions/node/v18.20.5/lib/node_modules/firebase-tools/node_modules/winston-transport/node_modules/readable-stream/lib/_stream_writable.js:390:139)
[error] 
[error] Error: An unexpected error has occurred.
[debug] [2025-08-18T03:18:50.208Z] Error: write EIO
    at afterWriteDispatched (node:internal/stream_base_commons:160:15)
    at writeGeneric (node:internal/stream_base_commons:151:3)
    at Socket._writeGeneric (node:net:962:11)
    at Socket._write (node:net:974:8)
    at writeOrBuffer (node:internal/streams/writable:392:12)
    at _write (node:internal/streams/writable:333:10)
    at Writable.write (node:internal/streams/writable:337:10)
    at Console.log (/Users/0xmumin/.nvm/versions/node/v18.20.5/lib/node_modules/firebase-tools/node_modules/winston/lib/winston/transports/console.js:87:23)
    at Console._write (/Users/0xmumin/.nvm/versions/node/v18.20.5/lib/node_modules/firebase-tools/node_modules/winston-transport/modern.js:103:17)
    at doWrite (/Users/0xmumin/.nvm/versions/node/v18.20.5/lib/node_modules/firebase-tools/node_modules/winston-transport/node_modules/readable-stream/lib/_stream_writable.js:390:139)
[error] 
[error] Error: An unexpected error has occurred.
[debug] [2025-08-18T03:18:50.208Z] Error: write EIO
    at afterWriteDispatched (node:internal/stream_base_commons:160:15)
    at writeGeneric (node:internal/stream_base_commons:151:3)
    at Socket._writeGeneric (node:net:962:11)
    at Socket._write (node:net:974:8)
    at writeOrBuffer (node:internal/streams/writable:392:12)
    at _write (node:internal/streams/writable:333:10)
    at Writable.write (node:internal/streams/writable:337:10)
    at Console.log (/Users/0xmumin/.nvm/versions/node/v18.20.5/lib/node_modules/firebase-tools/node_modules/winston/lib/winston/transports/console.js:87:23)
    at Console._write (/Users/0xmumin/.nvm/versions/node/v18.20.5/lib/node_modules/firebase-tools/node_modules/winston-transport/modern.js:103:17)
    at doWrite (/Users/0xmumin/.nvm/versions/node/v18.20.5/lib/node_modules/firebase-tools/node_modules/winston-transport/node_modules/readable-stream/lib/_stream_writable.js:390:139)
[error] 
[error] Error: An unexpected error has occurred.
[debug] [2025-08-18T03:18:50.208Z] Error: write EIO
    at afterWriteDispatched (node:internal/stream_base_commons:160:15)
    at writeGeneric (node:internal/stream_base_commons:151:3)
    at Socket._writeGeneric (node:net:962:11)
    at Socket._write (node:net:974:8)
    at writeOrBuffer (node:internal/streams/writable:392:12)
    at _write (node:internal/streams/writable:333:10)
    at Writable.write (node:internal/streams/writable:337:10)
    at Console.log (/Users/0xmumin/.nvm/versions/node/v18.20.5/lib/node_modules/firebase-tools/node_modules/winston/lib/winston/transports/console.js:87:23)
    at Console._write (/Users/0xmumin/.nvm/versions/node/v18.20.5/lib/node_modules/firebase-tools/node_modules/winston-transport/modern.js:103:17)
    at doWrite (/Users/0xmumin/.nvm/versions/node/v18.20.5/lib/node_modules/firebase-tools/node_modules/winston-transport/node_modules/readable-stream/lib/_stream_writable.js:390:139)
[error] 
[error] Error: An unexpected error has occurred.
[debug] [2025-08-18T03:18:50.208Z] Error: write EIO
    at afterWriteDispatched (node:internal/stream_base_commons:160:15)
    at writeGeneric (node:internal/stream_base_commons:151:3)
    at Socket._writeGeneric (node:net:962:11)
    at Socket._write (node:net:974:8)
    at writeOrBuffer (node:internal/streams/writable:392:12)
    at _write (node:internal/streams/writable:333:10)
    at Writable.write (node:internal/streams/writable:337:10)
    at Console.log (/Users/0xmumin/.nvm/versions/node/v18.20.5/lib/node_modules/firebase-tools/node_modules/winston/lib/winston/transports/console.js:87:23)
    at Console._write (/Users/0xmumin/.nvm/versions/node/v18.20.5/lib/node_modules/firebase-tools/node_modules/winston-transport/modern.js:103:17)
    at doWrite (/Users/0xmumin/.nvm/versions/node/v18.20.5/lib/node_modules/firebase-tools/node_modules/winston-transport/node_modules/readable-stream/lib/_stream_writable.js:390:139)
[error] 
[error] Error: An unexpected error has occurred.
[debug] [2025-08-18T03:18:50.208Z] Error: write EIO
    at afterWriteDispatched (node:internal/stream_base_commons:160:15)
    at writeGeneric (node:internal/stream_base_commons:151:3)
    at Socket._writeGeneric (node:net:962:11)
    at Socket._write (node:net:974:8)
    at writeOrBuffer (node:internal/streams/writable:392:12)
    at _write (node:internal/streams/writable:333:10)
    at Writable.write (node:internal/streams/writable:337:10)
    at Console.log (/Users/0xmumin/.nvm/versions/node/v18.20.5/lib/node_modules/firebase-tools/node_modules/winston/lib/winston/transports/console.js:87:23)
    at Console._write (/Users/0xmumin/.nvm/versions/node/v18.20.5/lib/node_modules/firebase-tools/node_modules/winston-transport/modern.js:103:17)
    at doWrite (/Users/0xmumin/.nvm/versions/node/v18.20.5/lib/node_modules/firebase-tools/node_modules/winston-transport/node_modules/readable-stream/lib/_stream_writable.js:390:139)
[error] 
[error] Error: An unexpected error has occurred.
[debug] [2025-08-18T03:18:50.208Z] Error: write EIO
    at afterWriteDispatched (node:internal/stream_base_commons:160:15)
    at writeGeneric (node:internal/stream_base_commons:151:3)
    at Socket._writeGeneric (node:net:962:11)
    at Socket._write (node:net:974:8)
    at writeOrBuffer (node:internal/streams/writable:392:12)
    at _write (node:internal/streams/writable:333:10)
    at Writable.write (node:internal/streams/writable:337:10)
    at Console.log (/Users/0xmumin/.nvm/versions/node/v18.20.5/lib/node_modules/firebase-tools/node_modules/winston/lib/winston/transports/console.js:87:23)
    at Console._write (/Users/0xmumin/.nvm/versions/node/v18.20.5/lib/node_modules/firebase-tools/node_modules/winston-transport/modern.js:103:17)
    at doWrite (/Users/0xmumin/.nvm/versions/node/v18.20.5/lib/node_modules/firebase-tools/node_modules/winston-transport/node_modules/readable-stream/lib/_stream_writable.js:390:139)
[error] 
[error] Error: An unexpected error has occurred.
[debug] [2025-08-18T03:18:50.208Z] Error: write EIO
    at afterWriteDispatched (node:internal/stream_base_commons:160:15)
    at writeGeneric (node:internal/stream_base_commons:151:3)
    at Socket._writeGeneric (node:net:962:11)
    at Socket._write (node:net:974:8)
    at writeOrBuffer (node:internal/streams/writable:392:12)
    at _write (node:internal/streams/writable:333:10)
    at Writable.write (node:internal/streams/writable:337:10)
    at Console.log (/Users/0xmumin/.nvm/versions/node/v18.20.5/lib/node_modules/firebase-tools/node_modules/winston/lib/winston/transports/console.js:87:23)
    at Console._write (/Users/0xmumin/.nvm/versions/node/v18.20.5/lib/node_modules/firebase-tools/node_modules/winston-transport/modern.js:103:17)
    at doWrite (/Users/0xmumin/.nvm/versions/node/v18.20.5/lib/node_modules/firebase-tools/node_modules/winston-transport/node_modules/readable-stream/lib/_stream_writable.js:390:139)
[error] 
[error] Error: An unexpected error has occurred.
[debug] [2025-08-18T03:18:50.210Z] Error: write EIO
    at afterWriteDispatched (node:internal/stream_base_commons:160:15)
    at writeGeneric (node:internal/stream_base_commons:151:3)
    at Socket._writeGeneric (node:net:962:11)
    at Socket._write (node:net:974:8)
    at writeOrBuffer (node:internal/streams/writable:392:12)
    at _write (node:internal/streams/writable:333:10)
    at Writable.write (node:internal/streams/writable:337:10)
    at Console.log (/Users/0xmumin/.nvm/versions/node/v18.20.5/lib/node_modules/firebase-tools/node_modules/winston/lib/winston/transports/console.js:87:23)
    at Console._write (/Users/0xmumin/.nvm/versions/node/v18.20.5/lib/node_modules/firebase-tools/node_modules/winston-transport/modern.js:103:17)
    at doWrite (/Users/0xmumin/.nvm/versions/node/v18.20.5/lib/node_modules/firebase-tools/node_modules/winston-transport/node_modules/readable-stream/lib/_stream_writable.js:390:139)
[error] 
[error] Error: An unexpected error has occurred.
[debug] [2025-08-18T03:18:50.210Z] Error: write EIO
    at afterWriteDispatched (node:internal/stream_base_commons:160:15)
    at writeGeneric (node:internal/stream_base_commons:151:3)
    at Socket._writeGeneric (node:net:962:11)
    at Socket._write (node:net:974:8)
    at writeOrBuffer (node:internal/streams/writable:392:12)
    at _write (node:internal/streams/writable:333:10)
    at Writable.write (node:internal/streams/writable:337:10)
    at Console.log (/Users/0xmumin/.nvm/versions/node/v18.20.5/lib/node_modules/firebase-tools/node_modules/winston/lib/winston/transports/console.js:87:23)
    at Console._write (/Users/0xmumin/.nvm/versions/node/v18.20.5/lib/node_modules/firebase-tools/node_modules/winston-transport/modern.js:103:17)
    at doWrite (/Users/0xmumin/.nvm/versions/node/v18.20.5/lib/node_modules/firebase-tools/node_modules/winston-transport/node_modules/readable-stream/lib/_stream_writable.js:390:139)
[error] 
[error] Error: An unexpected error has occurred.
[debug] [2025-08-18T03:18:50.210Z] Error: write EIO
    at afterWriteDispatched (node:internal/stream_base_commons:160:15)
    at writeGeneric (node:internal/stream_base_commons:151:3)
    at Socket._writeGeneric (node:net:962:11)
    at Socket._write (node:net:974:8)
    at writeOrBuffer (node:internal/streams/writable:392:12)
    at _write (node:internal/streams/writable:333:10)
    at Writable.write (node:internal/streams/writable:337:10)
    at Console.log (/Users/0xmumin/.nvm/versions/node/v18.20.5/lib/node_modules/firebase-tools/node_modules/winston/lib/winston/transports/console.js:87:23)
    at Console._write (/Users/0xmumin/.nvm/versions/node/v18.20.5/lib/node_modules/firebase-tools/node_modules/winston-transport/modern.js:103:17)
    at doWrite (/Users/0xmumin/.nvm/versions/node/v18.20.5/lib/node_modules/firebase-tools/node_modules/winston-transport/node_modules/readable-stream/lib/_stream_writable.js:390:139)
[error] 
[error] Error: An unexpected error has occurred.
[debug] [2025-08-18T03:18:50.210Z] Error: write EIO
    at afterWriteDispatched (node:internal/stream_base_commons:160:15)
    at writeGeneric (node:internal/stream_base_commons:151:3)
    at Socket._writeGeneric (node:net:962:11)
    at Socket._write (node:net:974:8)
    at writeOrBuffer (node:internal/streams/writable:392:12)
    at _write (node:internal/streams/writable:333:10)
    at Writable.write (node:internal/streams/writable:337:10)
    at Console.log (/Users/0xmumin/.nvm/versions/node/v18.20.5/lib/node_modules/firebase-tools/node_modules/winston/lib/winston/transports/console.js:87:23)
    at Console._write (/Users/0xmumin/.nvm/versions/node/v18.20.5/lib/node_modules/firebase-tools/node_modules/winston-transport/modern.js:103:17)
    at doWrite (/Users/0xmumin/.nvm/versions/node/v18.20.5/lib/node_modules/firebase-tools/node_modules/winston-transport/node_modules/readable-stream/lib/_stream_writable.js:390:139)
[error] 
[error] Error: An unexpected error has occurred.
[debug] [2025-08-18T03:18:50.211Z] Error: write EIO
    at afterWriteDispatched (node:internal/stream_base_commons:160:15)
    at writeGeneric (node:internal/stream_base_commons:151:3)
    at Socket._writeGeneric (node:net:962:11)
    at Socket._write (node:net:974:8)
    at writeOrBuffer (node:internal/streams/writable:392:12)
    at _write (node:internal/streams/writable:333:10)
    at Writable.write (node:internal/streams/writable:337:10)
    at Console.log (/Users/0xmumin/.nvm/versions/node/v18.20.5/lib/node_modules/firebase-tools/node_modules/winston/lib/winston/transports/console.js:87:23)
    at Console._write (/Users/0xmumin/.nvm/versions/node/v18.20.5/lib/node_modules/firebase-tools/node_modules/winston-transport/modern.js:103:17)
    at doWrite (/Users/0xmumin/.nvm/versions/node/v18.20.5/lib/node_modules/firebase-tools/node_modules/winston-transport/node_modules/readable-stream/lib/_stream_writable.js:390:139)
[error] 
[error] Error: An unexpected error has occurred.
[debug] [2025-08-18T03:18:50.211Z] Error: write EIO
    at afterWriteDispatched (node:internal/stream_base_commons:160:15)
    at writeGeneric (node:internal/stream_base_commons:151:3)
    at Socket._writeGeneric (node:net:962:11)
    at Socket._write (node:net:974:8)
    at writeOrBuffer (node:internal/streams/writable:392:12)
    at _write (node:internal/streams/writable:333:10)
    at Writable.write (node:internal/streams/writable:337:10)
    at Console.log (/Users/0xmumin/.nvm/versions/node/v18.20.5/lib/node_modules/firebase-tools/node_modules/winston/lib/winston/transports/console.js:87:23)
    at Console._write (/Users/0xmumin/.nvm/versions/node/v18.20.5/lib/node_modules/firebase-tools/node_modules/winston-transport/modern.js:103:17)
    at doWrite (/Users/0xmumin/.nvm/versions/node/v18.20.5/lib/node_modules/firebase-tools/node_modules/winston-transport/node_modules/readable-stream/lib/_stream_writable.js:390:139)
[error] 
[error] Error: An unexpected error has occurred.
[debug] [2025-08-18T03:18:50.212Z] Error: write EIO
    at afterWriteDispatched (node:internal/stream_base_commons:160:15)
    at writeGeneric (node:internal/stream_base_commons:151:3)
    at Socket._writeGeneric (node:net:962:11)
    at Socket._write (node:net:974:8)
    at writeOrBuffer (node:internal/streams/writable:392:12)
    at _write (node:internal/streams/writable:333:10)
    at Writable.write (node:internal/streams/writable:337:10)
    at Console.log (/Users/0xmumin/.nvm/versions/node/v18.20.5/lib/node_modules/firebase-tools/node_modules/winston/lib/winston/transports/console.js:87:23)
    at Console._write (/Users/0xmumin/.nvm/versions/node/v18.20.5/lib/node_modules/firebase-tools/node_modules/winston-transport/modern.js:103:17)
    at doWrite (/Users/0xmumin/.nvm/versions/node/v18.20.5/lib/node_modules/firebase-tools/node_modules/winston-transport/node_modules/readable-stream/lib/_stream_writable.js:390:139)
[error] 
[error] Error: An unexpected error has occurred.
[debug] [2025-08-18T03:18:50.212Z] Error: write EIO
    at afterWriteDispatched (node:internal/stream_base_commons:160:15)
    at writeGeneric (node:internal/stream_base_commons:151:3)
    at Socket._writeGeneric (node:net:962:11)
    at Socket._write (node:net:974:8)
    at writeOrBuffer (node:internal/streams/writable:392:12)
    at _write (node:internal/streams/writable:333:10)
    at Writable.write (node:internal/streams/writable:337:10)
    at Console.log (/Users/0xmumin/.nvm/versions/node/v18.20.5/lib/node_modules/firebase-tools/node_modules/winston/lib/winston/transports/console.js:87:23)
    at Console._write (/Users/0xmumin/.nvm/versions/node/v18.20.5/lib/node_modules/firebase-tools/node_modules/winston-transport/modern.js:103:17)
    at doWrite (/Users/0xmumin/.nvm/versions/node/v18.20.5/lib/node_modules/firebase-tools/node_modules/winston-transport/node_modules/readable-stream/lib/_stream_writable.js:390:139)
[error] 
[error] Error: An unexpected error has occurred.
[debug] [2025-08-18T03:18:50.212Z] Error: write EIO
    at afterWriteDispatched (node:internal/stream_base_commons:160:15)
    at writeGeneric (node:internal/stream_base_commons:151:3)
    at Socket._writeGeneric (node:net:962:11)
    at Socket._write (node:net:974:8)
    at writeOrBuffer (node:internal/streams/writable:392:12)
    at _write (node:internal/streams/writable:333:10)
    at Writable.write (node:internal/streams/writable:337:10)
    at Console.log (/Users/0xmumin/.nvm/versions/node/v18.20.5/lib/node_modules/firebase-tools/node_modules/winston/lib/winston/transports/console.js:87:23)
    at Console._write (/Users/0xmumin/.nvm/versions/node/v18.20.5/lib/node_modules/firebase-tools/node_modules/winston-transport/modern.js:103:17)
    at doWrite (/Users/0xmumin/.nvm/versions/node/v18.20.5/lib/node_modules/firebase-tools/node_modules/winston-transport/node_modules/readable-stream/lib/_stream_writable.js:390:139)
[error] 
[error] Error: An unexpected error has occurred.
[debug] [2025-08-18T03:18:50.213Z] Error: write EIO
    at afterWriteDispatched (node:internal/stream_base_commons:160:15)
    at writeGeneric (node:internal/stream_base_commons:151:3)
    at Socket._writeGeneric (node:net:962:11)
    at Socket._write (node:net:974:8)
    at writeOrBuffer (node:internal/streams/writable:392:12)
    at _write (node:internal/streams/writable:333:10)
    at Writable.write (node:internal/streams/writable:337:10)
    at Console.log (/Users/0xmumin/.nvm/versions/node/v18.20.5/lib/node_modules/firebase-tools/node_modules/winston/lib/winston/transports/console.js:87:23)
    at Console._write (/Users/0xmumin/.nvm/versions/node/v18.20.5/lib/node_modules/firebase-tools/node_modules/winston-transport/modern.js:103:17)
    at doWrite (/Users/0xmumin/.nvm/versions/node/v18.20.5/lib/node_modules/firebase-tools/node_modules/winston-transport/node_modules/readable-stream/lib/_stream_writable.js:390:139)
[error] 
[error] Error: An unexpected error has occurred.
[debug] [2025-08-18T03:18:50.213Z] Error: write EIO
    at afterWriteDispatched (node:internal/stream_base_commons:160:15)
    at writeGeneric (node:internal/stream_base_commons:151:3)
    at Socket._writeGeneric (node:net:962:11)
    at Socket._write (node:net:974:8)
    at writeOrBuffer (node:internal/streams/writable:392:12)
    at _write (node:internal/streams/writable:333:10)
    at Writable.write (node:internal/streams/writable:337:10)
    at Console.log (/Users/0xmumin/.nvm/versions/node/v18.20.5/lib/node_modules/firebase-tools/node_modules/winston/lib/winston/transports/console.js:87:23)
    at Console._write (/Users/0xmumin/.nvm/versions/node/v18.20.5/lib/node_modules/firebase-tools/node_modules/winston-transport/modern.js:103:17)
    at doWrite (/Users/0xmumin/.nvm/versions/node/v18.20.5/lib/node_modules/firebase-tools/node_modules/winston-transport/node_modules/readable-stream/lib/_stream_writable.js:390:139)
[error] 
[error] Error: An unexpected error has occurred.
[debug] [2025-08-18T03:18:50.214Z] Error: write EIO
    at afterWriteDispatched (node:internal/stream_base_commons:160:15)
    at writeGeneric (node:internal/stream_base_commons:151:3)
    at Socket._writeGeneric (node:net:962:11)
    at Socket._write (node:net:974:8)
    at writeOrBuffer (node:internal/streams/writable:392:12)
    at _write (node:internal/streams/writable:333:10)
    at Writable.write (node:internal/streams/writable:337:10)
    at Console.log (/Users/0xmumin/.nvm/versions/node/v18.20.5/lib/node_modules/firebase-tools/node_modules/winston/lib/winston/transports/console.js:87:23)
    at Console._write (/Users/0xmumin/.nvm/versions/node/v18.20.5/lib/node_modules/firebase-tools/node_modules/winston-transport/modern.js:103:17)
    at doWrite (/Users/0xmumin/.nvm/versions/node/v18.20.5/lib/node_modules/firebase-tools/node_modules/winston-transport/node_modules/readable-stream/lib/_stream_writable.js:390:139)
[error] 
[error] Error: An unexpected error has occurred.
[debug] [2025-08-18T03:18:50.214Z] Error: write EIO
    at afterWriteDispatched (node:internal/stream_base_commons:160:15)
    at writeGeneric (node:internal/stream_base_commons:151:3)
    at Socket._writeGeneric (node:net:962:11)
    at Socket._write (node:net:974:8)
    at writeOrBuffer (node:internal/streams/writable:392:12)
    at _write (node:internal/streams/writable:333:10)
    at Writable.write (node:internal/streams/writable:337:10)
    at Console.log (/Users/0xmumin/.nvm/versions/node/v18.20.5/lib/node_modules/firebase-tools/node_modules/winston/lib/winston/transports/console.js:87:23)
    at Console._write (/Users/0xmumin/.nvm/versions/node/v18.20.5/lib/node_modules/firebase-tools/node_modules/winston-transport/modern.js:103:17)
    at doWrite (/Users/0xmumin/.nvm/versions/node/v18.20.5/lib/node_modules/firebase-tools/node_modules/winston-transport/node_modules/readable-stream/lib/_stream_writable.js:390:139)
[error] 
[error] Error: An unexpected error has occurred.
[debug] [2025-08-18T03:18:50.214Z] Error: write EIO
    at afterWriteDispatched (node:internal/stream_base_commons:160:15)
    at writeGeneric (node:internal/stream_base_commons:151:3)
    at Socket._writeGeneric (node:net:962:11)
    at Socket._write (node:net:974:8)
    at writeOrBuffer (node:internal/streams/writable:392:12)
    at _write (node:internal/streams/writable:333:10)
    at Writable.write (node:internal/streams/writable:337:10)
    at Console.log (/Users/0xmumin/.nvm/versions/node/v18.20.5/lib/node_modules/firebase-tools/node_modules/winston/lib/winston/transports/console.js:87:23)
    at Console._write (/Users/0xmumin/.nvm/versions/node/v18.20.5/lib/node_modules/firebase-tools/node_modules/winston-transport/modern.js:103:17)
    at doWrite (/Users/0xmumin/.nvm/versions/node/v18.20.5/lib/node_modules/firebase-tools/node_modules/winston-transport/node_modules/readable-stream/lib/_stream_writable.js:390:139)
[error] 
[error] Error: An unexpected error has occurred.
[debug] [2025-08-18T03:18:50.214Z] Error: write EIO
    at afterWriteDispatched (node:internal/stream_base_commons:160:15)
    at writeGeneric (node:internal/stream_base_commons:151:3)
    at Socket._writeGeneric (node:net:962:11)
    at Socket._write (node:net:974:8)
    at writeOrBuffer (node:internal/streams/writable:392:12)
    at _write (node:internal/streams/writable:333:10)
    at Writable.write (node:internal/streams/writable:337:10)
    at Console.log (/Users/0xmumin/.nvm/versions/node/v18.20.5/lib/node_modules/firebase-tools/node_modules/winston/lib/winston/transports/console.js:87:23)
    at Console._write (/Users/0xmumin/.nvm/versions/node/v18.20.5/lib/node_modules/firebase-tools/node_modules/winston-transport/modern.js:103:17)
    at doWrite (/Users/0xmumin/.nvm/versions/node/v18.20.5/lib/node_modules/firebase-tools/node_modules/winston-transport/node_modules/readable-stream/lib/_stream_writable.js:390:139)
[error] 
[error] Error: An unexpected error has occurred.
[debug] [2025-08-18T03:18:50.214Z] Error: write EIO
    at afterWriteDispatched (node:internal/stream_base_commons:160:15)
    at writeGeneric (node:internal/stream_base_commons:151:3)
    at Socket._writeGeneric (node:net:962:11)
    at Socket._write (node:net:974:8)
    at writeOrBuffer (node:internal/streams/writable:392:12)
    at _write (node:internal/streams/writable:333:10)
    at Writable.write (node:internal/streams/writable:337:10)
    at Console.log (/Users/0xmumin/.nvm/versions/node/v18.20.5/lib/node_modules/firebase-tools/node_modules/winston/lib/winston/transports/console.js:87:23)
    at Console._write (/Users/0xmumin/.nvm/versions/node/v18.20.5/lib/node_modules/firebase-tools/node_modules/winston-transport/modern.js:103:17)
    at doWrite (/Users/0xmumin/.nvm/versions/node/v18.20.5/lib/node_modules/firebase-tools/node_modules/winston-transport/node_modules/readable-stream/lib/_stream_writable.js:390:139)
[error] 
[error] Error: An unexpected error has occurred.
[debug] [2025-08-18T03:18:50.215Z] Error: write EIO
    at afterWriteDispatched (node:internal/stream_base_commons:160:15)
    at writeGeneric (node:internal/stream_base_commons:151:3)
    at Socket._writeGeneric (node:net:962:11)
    at Socket._write (node:net:974:8)
    at writeOrBuffer (node:internal/streams/writable:392:12)
    at _write (node:internal/streams/writable:333:10)
    at Writable.write (node:internal/streams/writable:337:10)
    at Console.log (/Users/0xmumin/.nvm/versions/node/v18.20.5/lib/node_modules/firebase-tools/node_modules/winston/lib/winston/transports/console.js:87:23)
    at Console._write (/Users/0xmumin/.nvm/versions/node/v18.20.5/lib/node_modules/firebase-tools/node_modules/winston-transport/modern.js:103:17)
    at doWrite (/Users/0xmumin/.nvm/versions/node/v18.20.5/lib/node_modules/firebase-tools/node_modules/winston-transport/node_modules/readable-stream/lib/_stream_writable.js:390:139)
[error] 
[error] Error: An unexpected error has occurred.
[debug] [2025-08-18T03:18:50.215Z] Error: write EIO
    at afterWriteDispatched (node:internal/stream_base_commons:160:15)
    at writeGeneric (node:internal/stream_base_commons:151:3)
    at Socket._writeGeneric (node:net:962:11)
    at Socket._write (node:net:974:8)
    at writeOrBuffer (node:internal/streams/writable:392:12)
    at _write (node:internal/streams/writable:333:10)
    at Writable.write (node:internal/streams/writable:337:10)
    at Console.log (/Users/0xmumin/.nvm/versions/node/v18.20.5/lib/node_modules/firebase-tools/node_modules/winston/lib/winston/transports/console.js:87:23)
    at Console._write (/Users/0xmumin/.nvm/versions/node/v18.20.5/lib/node_modules/firebase-tools/node_modules/winston-transport/modern.js:103:17)
    at doWrite (/Users/0xmumin/.nvm/versions/node/v18.20.5/lib/node_modules/firebase-tools/node_modules/winston-transport/node_modules/readable-stream/lib/_stream_writable.js:390:139)
[error] 
[error] Error: An unexpected error has occurred.
[debug] [2025-08-18T03:18:50.215Z] Error: write EIO
    at afterWriteDispatched (node:internal/stream_base_commons:160:15)
    at writeGeneric (node:internal/stream_base_commons:151:3)
    at Socket._writeGeneric (node:net:962:11)
    at Socket._write (node:net:974:8)
    at writeOrBuffer (node:internal/streams/writable:392:12)
    at _write (node:internal/streams/writable:333:10)
    at Writable.write (node:internal/streams/writable:337:10)
    at Console.log (/Users/0xmumin/.nvm/versions/node/v18.20.5/lib/node_modules/firebase-tools/node_modules/winston/lib/winston/transports/console.js:87:23)
    at Console._write (/Users/0xmumin/.nvm/versions/node/v18.20.5/lib/node_modules/firebase-tools/node_modules/winston-transport/modern.js:103:17)
    at doWrite (/Users/0xmumin/.nvm/versions/node/v18.20.5/lib/node_modules/firebase-tools/node_modules/winston-transport/node_modules/readable-stream/lib/_stream_writable.js:390:139)
[error] 
[error] Error: An unexpected error has occurred.
[debug] [2025-08-18T03:18:50.216Z] Error: write EIO
    at afterWriteDispatched (node:internal/stream_base_commons:160:15)
    at writeGeneric (node:internal/stream_base_commons:151:3)
    at Socket._writeGeneric (node:net:962:11)
    at Socket._write (node:net:974:8)
    at writeOrBuffer (node:internal/streams/writable:392:12)
    at _write (node:internal/streams/writable:333:10)
    at Writable.write (node:internal/streams/writable:337:10)
    at Console.log (/Users/0xmumin/.nvm/versions/node/v18.20.5/lib/node_modules/firebase-tools/node_modules/winston/lib/winston/transports/console.js:87:23)
    at Console._write (/Users/0xmumin/.nvm/versions/node/v18.20.5/lib/node_modules/firebase-tools/node_modules/winston-transport/modern.js:103:17)
    at doWrite (/Users/0xmumin/.nvm/versions/node/v18.20.5/lib/node_modules/firebase-tools/node_modules/winston-transport/node_modules/readable-stream/lib/_stream_writable.js:390:139)
[error] 
[error] Error: An unexpected error has occurred.
[debug] [2025-08-18T03:18:50.216Z] Error: write EIO
    at afterWriteDispatched (node:internal/stream_base_commons:160:15)
    at writeGeneric (node:internal/stream_base_commons:151:3)
    at Socket._writeGeneric (node:net:962:11)
    at Socket._write (node:net:974:8)
    at writeOrBuffer (node:internal/streams/writable:392:12)
    at _write (node:internal/streams/writable:333:10)
    at Writable.write (node:internal/streams/writable:337:10)
    at Console.log (/Users/0xmumin/.nvm/versions/node/v18.20.5/lib/node_modules/firebase-tools/node_modules/winston/lib/winston/transports/console.js:87:23)
    at Console._write (/Users/0xmumin/.nvm/versions/node/v18.20.5/lib/node_modules/firebase-tools/node_modules/winston-transport/modern.js:103:17)
    at doWrite (/Users/0xmumin/.nvm/versions/node/v18.20.5/lib/node_modules/firebase-tools/node_modules/winston-transport/node_modules/readable-stream/lib/_stream_writable.js:390:139)
[error] 
[error] Error: An unexpected error has occurred.
[debug] [2025-08-18T03:18:50.216Z] Error: write EIO
    at afterWriteDispatched (node:internal/stream_base_commons:160:15)
    at writeGeneric (node:internal/stream_base_commons:151:3)
    at Socket._writeGeneric (node:net:962:11)
    at Socket._write (node:net:974:8)
    at writeOrBuffer (node:internal/streams/writable:392:12)
    at _write (node:internal/streams/writable:333:10)
    at Writable.write (node:internal/streams/writable:337:10)
    at Console.log (/Users/0xmumin/.nvm/versions/node/v18.20.5/lib/node_modules/firebase-tools/node_modules/winston/lib/winston/transports/console.js:87:23)
    at Console._write (/Users/0xmumin/.nvm/versions/node/v18.20.5/lib/node_modules/firebase-tools/node_modules/winston-transport/modern.js:103:17)
    at doWrite (/Users/0xmumin/.nvm/versions/node/v18.20.5/lib/node_modules/firebase-tools/node_modules/winston-transport/node_modules/readable-stream/lib/_stream_writable.js:390:139)
[error] 
[error] Error: An unexpected error has occurred.
[debug] [2025-08-18T03:18:50.216Z] Error: write EIO
    at afterWriteDispatched (node:internal/stream_base_commons:160:15)
    at writeGeneric (node:internal/stream_base_commons:151:3)
    at Socket._writeGeneric (node:net:962:11)
    at Socket._write (node:net:974:8)
    at writeOrBuffer (node:internal/streams/writable:392:12)
    at _write (node:internal/streams/writable:333:10)
    at Writable.write (node:internal/streams/writable:337:10)
    at Console.log (/Users/0xmumin/.nvm/versions/node/v18.20.5/lib/node_modules/firebase-tools/node_modules/winston/lib/winston/transports/console.js:87:23)
    at Console._write (/Users/0xmumin/.nvm/versions/node/v18.20.5/lib/node_modules/firebase-tools/node_modules/winston-transport/modern.js:103:17)
    at doWrite (/Users/0xmumin/.nvm/versions/node/v18.20.5/lib/node_modules/firebase-tools/node_modules/winston-transport/node_modules/readable-stream/lib/_stream_writable.js:390:139)
[error] 
[error] Error: An unexpected error has occurred.
[debug] [2025-08-18T03:18:50.216Z] Error: write EIO
    at afterWriteDispatched (node:internal/stream_base_commons:160:15)
    at writeGeneric (node:internal/stream_base_commons:151:3)
    at Socket._writeGeneric (node:net:962:11)
    at Socket._write (node:net:974:8)
    at writeOrBuffer (node:internal/streams/writable:392:12)
    at _write (node:internal/streams/writable:333:10)
    at Writable.write (node:internal/streams/writable:337:10)
    at Console.log (/Users/0xmumin/.nvm/versions/node/v18.20.5/lib/node_modules/firebase-tools/node_modules/winston/lib/winston/transports/console.js:87:23)
    at Console._write (/Users/0xmumin/.nvm/versions/node/v18.20.5/lib/node_modules/firebase-tools/node_modules/winston-transport/modern.js:103:17)
    at doWrite (/Users/0xmumin/.nvm/versions/node/v18.20.5/lib/node_modules/firebase-tools/node_modules/winston-transport/node_modules/readable-stream/lib/_stream_writable.js:390:139)
[error] 
[error] Error: An unexpected error has occurred.
[debug] [2025-08-18T03:18:50.216Z] Error: write EIO
    at afterWriteDispatched (node:internal/stream_base_commons:160:15)
    at writeGeneric (node:internal/stream_base_commons:151:3)
    at Socket._writeGeneric (node:net:962:11)
    at Socket._write (node:net:974:8)
    at writeOrBuffer (node:internal/streams/writable:392:12)
    at _write (node:internal/streams/writable:333:10)
    at Writable.write (node:internal/streams/writable:337:10)
    at Console.log (/Users/0xmumin/.nvm/versions/node/v18.20.5/lib/node_modules/firebase-tools/node_modules/winston/lib/winston/transports/console.js:87:23)
    at Console._write (/Users/0xmumin/.nvm/versions/node/v18.20.5/lib/node_modules/firebase-tools/node_modules/winston-transport/modern.js:103:17)
    at doWrite (/Users/0xmumin/.nvm/versions/node/v18.20.5/lib/node_modules/firebase-tools/node_modules/winston-transport/node_modules/readable-stream/lib/_stream_writable.js:390:139)
[error] 
[error] Error: An unexpected error has occurred.
[debug] [2025-08-18T03:18:50.217Z] Error: write EIO
    at afterWriteDispatched (node:internal/stream_base_commons:160:15)
    at writeGeneric (node:internal/stream_base_commons:151:3)
    at Socket._writeGeneric (node:net:962:11)
    at Socket._write (node:net:974:8)
    at writeOrBuffer (node:internal/streams/writable:392:12)
    at _write (node:internal/streams/writable:333:10)
    at Writable.write (node:internal/streams/writable:337:10)
    at Console.log (/Users/0xmumin/.nvm/versions/node/v18.20.5/lib/node_modules/firebase-tools/node_modules/winston/lib/winston/transports/console.js:87:23)
    at Console._write (/Users/0xmumin/.nvm/versions/node/v18.20.5/lib/node_modules/firebase-tools/node_modules/winston-transport/modern.js:103:17)
    at doWrite (/Users/0xmumin/.nvm/versions/node/v18.20.5/lib/node_modules/firebase-tools/node_modules/winston-transport/node_modules/readable-stream/lib/_stream_writable.js:390:139)
[error] 
[error] Error: An unexpected error has occurred.
[debug] [2025-08-18T03:18:50.217Z] Error: write EIO
    at afterWriteDispatched (node:internal/stream_base_commons:160:15)
    at writeGeneric (node:internal/stream_base_commons:151:3)
    at Socket._writeGeneric (node:net:962:11)
    at Socket._write (node:net:974:8)
    at writeOrBuffer (node:internal/streams/writable:392:12)
    at _write (node:internal/streams/writable:333:10)
    at Writable.write (node:internal/streams/writable:337:10)
    at Console.log (/Users/0xmumin/.nvm/versions/node/v18.20.5/lib/node_modules/firebase-tools/node_modules/winston/lib/winston/transports/console.js:87:23)
    at Console._write (/Users/0xmumin/.nvm/versions/node/v18.20.5/lib/node_modules/firebase-tools/node_modules/winston-transport/modern.js:103:17)
    at doWrite (/Users/0xmumin/.nvm/versions/node/v18.20.5/lib/node_modules/firebase-tools/node_modules/winston-transport/node_modules/readable-stream/lib/_stream_writable.js:390:139)
[error] 
[error] Error: An unexpected error has occurred.
[debug] [2025-08-18T03:18:50.217Z] Error: write EIO
    at afterWriteDispatched (node:internal/stream_base_commons:160:15)
    at writeGeneric (node:internal/stream_base_commons:151:3)
    at Socket._writeGeneric (node:net:962:11)
    at Socket._write (node:net:974:8)
    at writeOrBuffer (node:internal/streams/writable:392:12)
    at _write (node:internal/streams/writable:333:10)
    at Writable.write (node:internal/streams/writable:337:10)
    at Console.log (/Users/0xmumin/.nvm/versions/node/v18.20.5/lib/node_modules/firebase-tools/node_modules/winston/lib/winston/transports/console.js:87:23)
    at Console._write (/Users/0xmumin/.nvm/versions/node/v18.20.5/lib/node_modules/firebase-tools/node_modules/winston-transport/modern.js:103:17)
    at doWrite (/Users/0xmumin/.nvm/versions/node/v18.20.5/lib/node_modules/firebase-tools/node_modules/winston-transport/node_modules/readable-stream/lib/_stream_writable.js:390:139)
[error] 
[error] Error: An unexpected error has occurred.
[debug] [2025-08-18T03:18:50.217Z] Error: write EIO
    at afterWriteDispatched (node:internal/stream_base_commons:160:15)
    at writeGeneric (node:internal/stream_base_commons:151:3)
    at Socket._writeGeneric (node:net:962:11)
    at Socket._write (node:net:974:8)
    at writeOrBuffer (node:internal/streams/writable:392:12)
    at _write (node:internal/streams/writable:333:10)
    at Writable.write (node:internal/streams/writable:337:10)
    at Console.log (/Users/0xmumin/.nvm/versions/node/v18.20.5/lib/node_modules/firebase-tools/node_modules/winston/lib/winston/transports/console.js:87:23)
    at Console._write (/Users/0xmumin/.nvm/versions/node/v18.20.5/lib/node_modules/firebase-tools/node_modules/winston-transport/modern.js:103:17)
    at doWrite (/Users/0xmumin/.nvm/versions/node/v18.20.5/lib/node_modules/firebase-tools/node_modules/winston-transport/node_modules/readable-stream/lib/_stream_writable.js:390:139)
[error] 
[error] Error: An unexpected error has occurred.
[debug] [2025-08-18T03:18:50.217Z] Error: write EIO
    at afterWriteDispatched (node:internal/stream_base_commons:160:15)
    at writeGeneric (node:internal/stream_base_commons:151:3)
    at Socket._writeGeneric (node:net:962:11)
    at Socket._write (node:net:974:8)
    at writeOrBuffer (node:internal/streams/writable:392:12)
    at _write (node:internal/streams/writable:333:10)
    at Writable.write (node:internal/streams/writable:337:10)
    at Console.log (/Users/0xmumin/.nvm/versions/node/v18.20.5/lib/node_modules/firebase-tools/node_modules/winston/lib/winston/transports/console.js:87:23)
    at Console._write (/Users/0xmumin/.nvm/versions/node/v18.20.5/lib/node_modules/firebase-tools/node_modules/winston-transport/modern.js:103:17)
    at doWrite (/Users/0xmumin/.nvm/versions/node/v18.20.5/lib/node_modules/firebase-tools/node_modules/winston-transport/node_modules/readable-stream/lib/_stream_writable.js:390:139)
[error] 
[error] Error: An unexpected error has occurred.
[debug] [2025-08-18T03:18:50.217Z] Error: write EIO
    at afterWriteDispatched (node:internal/stream_base_commons:160:15)
    at writeGeneric (node:internal/stream_base_commons:151:3)
    at Socket._writeGeneric (node:net:962:11)
    at Socket._write (node:net:974:8)
    at writeOrBuffer (node:internal/streams/writable:392:12)
    at _write (node:internal/streams/writable:333:10)
    at Writable.write (node:internal/streams/writable:337:10)
    at Console.log (/Users/0xmumin/.nvm/versions/node/v18.20.5/lib/node_modules/firebase-tools/node_modules/winston/lib/winston/transports/console.js:87:23)
    at Console._write (/Users/0xmumin/.nvm/versions/node/v18.20.5/lib/node_modules/firebase-tools/node_modules/winston-transport/modern.js:103:17)
    at doWrite (/Users/0xmumin/.nvm/versions/node/v18.20.5/lib/node_modules/firebase-tools/node_modules/winston-transport/node_modules/readable-stream/lib/_stream_writable.js:390:139)
[error] 
[error] Error: An unexpected error has occurred.
[debug] [2025-08-18T03:18:50.217Z] Error: write EIO
    at afterWriteDispatched (node:internal/stream_base_commons:160:15)
    at writeGeneric (node:internal/stream_base_commons:151:3)
    at Socket._writeGeneric (node:net:962:11)
    at Socket._write (node:net:974:8)
    at writeOrBuffer (node:internal/streams/writable:392:12)
    at _write (node:internal/streams/writable:333:10)
    at Writable.write (node:internal/streams/writable:337:10)
    at Console.log (/Users/0xmumin/.nvm/versions/node/v18.20.5/lib/node_modules/firebase-tools/node_modules/winston/lib/winston/transports/console.js:87:23)
    at Console._write (/Users/0xmumin/.nvm/versions/node/v18.20.5/lib/node_modules/firebase-tools/node_modules/winston-transport/modern.js:103:17)
    at doWrite (/Users/0xmumin/.nvm/versions/node/v18.20.5/lib/node_modules/firebase-tools/node_modules/winston-transport/node_modules/readable-stream/lib/_stream_writable.js:390:139)
[error] 
[error] Error: An unexpected error has occurred.
[debug] [2025-08-18T03:18:50.217Z] Error: write EIO
    at afterWriteDispatched (node:internal/stream_base_commons:160:15)
    at writeGeneric (node:internal/stream_base_commons:151:3)
    at Socket._writeGeneric (node:net:962:11)
    at Socket._write (node:net:974:8)
    at writeOrBuffer (node:internal/streams/writable:392:12)
    at _write (node:internal/streams/writable:333:10)
    at Writable.write (node:internal/streams/writable:337:10)
    at Console.log (/Users/0xmumin/.nvm/versions/node/v18.20.5/lib/node_modules/firebase-tools/node_modules/winston/lib/winston/transports/console.js:87:23)
    at Console._write (/Users/0xmumin/.nvm/versions/node/v18.20.5/lib/node_modules/firebase-tools/node_modules/winston-transport/modern.js:103:17)
    at doWrite (/Users/0xmumin/.nvm/versions/node/v18.20.5/lib/node_modules/firebase-tools/node_modules/winston-transport/node_modules/readable-stream/lib/_stream_writable.js:390:139)
[error] 
[error] Error: An unexpected error has occurred.
[debug] [2025-08-18T03:18:50.218Z] Error: write EIO
    at afterWriteDispatched (node:internal/stream_base_commons:160:15)
    at writeGeneric (node:internal/stream_base_commons:151:3)
    at Socket._writeGeneric (node:net:962:11)
    at Socket._write (node:net:974:8)
    at writeOrBuffer (node:internal/streams/writable:392:12)
    at _write (node:internal/streams/writable:333:10)
    at Writable.write (node:internal/streams/writable:337:10)
    at Console.log (/Users/0xmumin/.nvm/versions/node/v18.20.5/lib/node_modules/firebase-tools/node_modules/winston/lib/winston/transports/console.js:87:23)
    at Console._write (/Users/0xmumin/.nvm/versions/node/v18.20.5/lib/node_modules/firebase-tools/node_modules/winston-transport/modern.js:103:17)
    at doWrite (/Users/0xmumin/.nvm/versions/node/v18.20.5/lib/node_modules/firebase-tools/node_modules/winston-transport/node_modules/readable-stream/lib/_stream_writable.js:390:139)
[error] 
[error] Error: An unexpected error has occurred.
[debug] [2025-08-18T03:18:50.220Z] Error: write EIO
    at afterWriteDispatched (node:internal/stream_base_commons:160:15)
    at writeGeneric (node:internal/stream_base_commons:151:3)
    at Socket._writeGeneric (node:net:962:11)
    at Socket._write (node:net:974:8)
    at writeOrBuffer (node:internal/streams/writable:392:12)
    at _write (node:internal/streams/writable:333:10)
    at Writable.write (node:internal/streams/writable:337:10)
    at Console.log (/Users/0xmumin/.nvm/versions/node/v18.20.5/lib/node_modules/firebase-tools/node_modules/winston/lib/winston/transports/console.js:87:23)
    at Console._write (/Users/0xmumin/.nvm/versions/node/v18.20.5/lib/node_modules/firebase-tools/node_modules/winston-transport/modern.js:103:17)
    at doWrite (/Users/0xmumin/.nvm/versions/node/v18.20.5/lib/node_modules/firebase-tools/node_modules/winston-transport/node_modules/readable-stream/lib/_stream_writable.js:390:139)
[error] 
[error] Error: An unexpected error has occurred.
[debug] [2025-08-18T03:18:50.221Z] Error: write EIO
    at afterWriteDispatched (node:internal/stream_base_commons:160:15)
    at writeGeneric (node:internal/stream_base_commons:151:3)
    at Socket._writeGeneric (node:net:962:11)
    at Socket._write (node:net:974:8)
    at writeOrBuffer (node:internal/streams/writable:392:12)
    at _write (node:internal/streams/writable:333:10)
    at Writable.write (node:internal/streams/writable:337:10)
    at Console.log (/Users/0xmumin/.nvm/versions/node/v18.20.5/lib/node_modules/firebase-tools/node_modules/winston/lib/winston/transports/console.js:87:23)
    at Console._write (/Users/0xmumin/.nvm/versions/node/v18.20.5/lib/node_modules/firebase-tools/node_modules/winston-transport/modern.js:103:17)
    at doWrite (/Users/0xmumin/.nvm/versions/node/v18.20.5/lib/node_modules/firebase-tools/node_modules/winston-transport/node_modules/readable-stream/lib/_stream_writable.js:390:139)
[error] 
[error] Error: An unexpected error has occurred.
[debug] [2025-08-18T03:18:50.222Z] Error: write EIO
    at afterWriteDispatched (node:internal/stream_base_commons:160:15)
    at writeGeneric (node:internal/stream_base_commons:151:3)
    at Socket._writeGeneric (node:net:962:11)
    at Socket._write (node:net:974:8)
    at writeOrBuffer (node:internal/streams/writable:392:12)
    at _write (node:internal/streams/writable:333:10)
    at Writable.write (node:internal/streams/writable:337:10)
    at Console.log (/Users/0xmumin/.nvm/versions/node/v18.20.5/lib/node_modules/firebase-tools/node_modules/winston/lib/winston/transports/console.js:87:23)
    at Console._write (/Users/0xmumin/.nvm/versions/node/v18.20.5/lib/node_modules/firebase-tools/node_modules/winston-transport/modern.js:103:17)
    at doWrite (/Users/0xmumin/.nvm/versions/node/v18.20.5/lib/node_modules/firebase-tools/node_modules/winston-transport/node_modules/readable-stream/lib/_stream_writable.js:390:139)
[error] 
[error] Error: An unexpected error has occurred.
[debug] [2025-08-18T03:18:50.223Z] Error: write EIO
    at afterWriteDispatched (node:internal/stream_base_commons:160:15)
    at writeGeneric (node:internal/stream_base_commons:151:3)
    at Socket._writeGeneric (node:net:962:11)
    at Socket._write (node:net:974:8)
    at writeOrBuffer (node:internal/streams/writable:392:12)
    at _write (node:internal/streams/writable:333:10)
    at Writable.write (node:internal/streams/writable:337:10)
    at Console.log (/Users/0xmumin/.nvm/versions/node/v18.20.5/lib/node_modules/firebase-tools/node_modules/winston/lib/winston/transports/console.js:87:23)
    at Console._write (/Users/0xmumin/.nvm/versions/node/v18.20.5/lib/node_modules/firebase-tools/node_modules/winston-transport/modern.js:103:17)
    at doWrite (/Users/0xmumin/.nvm/versions/node/v18.20.5/lib/node_modules/firebase-tools/node_modules/winston-transport/node_modules/readable-stream/lib/_stream_writable.js:390:139)
[error] 
[error] Error: An unexpected error has occurred.
[debug] [2025-08-18T03:18:50.223Z] Error: write EIO
    at afterWriteDispatched (node:internal/stream_base_commons:160:15)
    at writeGeneric (node:internal/stream_base_commons:151:3)
    at Socket._writeGeneric (node:net:962:11)
    at Socket._write (node:net:974:8)
    at writeOrBuffer (node:internal/streams/writable:392:12)
    at _write (node:internal/streams/writable:333:10)
    at Writable.write (node:internal/streams/writable:337:10)
    at Console.log (/Users/0xmumin/.nvm/versions/node/v18.20.5/lib/node_modules/firebase-tools/node_modules/winston/lib/winston/transports/console.js:87:23)
    at Console._write (/Users/0xmumin/.nvm/versions/node/v18.20.5/lib/node_modules/firebase-tools/node_modules/winston-transport/modern.js:103:17)
    at doWrite (/Users/0xmumin/.nvm/versions/node/v18.20.5/lib/node_modules/firebase-tools/node_modules/winston-transport/node_modules/readable-stream/lib/_stream_writable.js:390:139)
[error] 
[error] Error: An unexpected error has occurred.
[debug] [2025-08-18T03:18:50.225Z] Error: write EIO
    at afterWriteDispatched (node:internal/stream_base_commons:160:15)
    at writeGeneric (node:internal/stream_base_commons:151:3)
    at Socket._writeGeneric (node:net:962:11)
    at Socket._write (node:net:974:8)
    at writeOrBuffer (node:internal/streams/writable:392:12)
    at _write (node:internal/streams/writable:333:10)
    at Writable.write (node:internal/streams/writable:337:10)
    at Console.log (/Users/0xmumin/.nvm/versions/node/v18.20.5/lib/node_modules/firebase-tools/node_modules/winston/lib/winston/transports/console.js:87:23)
    at Console._write (/Users/0xmumin/.nvm/versions/node/v18.20.5/lib/node_modules/firebase-tools/node_modules/winston-transport/modern.js:103:17)
    at doWrite (/Users/0xmumin/.nvm/versions/node/v18.20.5/lib/node_modules/firebase-tools/node_modules/winston-transport/node_modules/readable-stream/lib/_stream_writable.js:390:139)
[error] 
[error] Error: An unexpected error has occurred.
[debug] [2025-08-18T03:18:50.225Z] Error: write EIO
    at afterWriteDispatched (node:internal/stream_base_commons:160:15)
    at writeGeneric (node:internal/stream_base_commons:151:3)
    at Socket._writeGeneric (node:net:962:11)
    at Socket._write (node:net:974:8)
    at writeOrBuffer (node:internal/streams/writable:392:12)
    at _write (node:internal/streams/writable:333:10)
    at Writable.write (node:internal/streams/writable:337:10)
    at Console.log (/Users/0xmumin/.nvm/versions/node/v18.20.5/lib/node_modules/firebase-tools/node_modules/winston/lib/winston/transports/console.js:87:23)
    at Console._write (/Users/0xmumin/.nvm/versions/node/v18.20.5/lib/node_modules/firebase-tools/node_modules/winston-transport/modern.js:103:17)
    at doWrite (/Users/0xmumin/.nvm/versions/node/v18.20.5/lib/node_modules/firebase-tools/node_modules/winston-transport/node_modules/readable-stream/lib/_stream_writable.js:390:139)
[error] 
[error] Error: An unexpected error has occurred.
[debug] [2025-08-18T03:18:50.225Z] Error: write EIO
    at afterWriteDispatched (node:internal/stream_base_commons:160:15)
    at writeGeneric (node:internal/stream_base_commons:151:3)
    at Socket._writeGeneric (node:net:962:11)
    at Socket._write (node:net:974:8)
    at writeOrBuffer (node:internal/streams/writable:392:12)
    at _write (node:internal/streams/writable:333:10)
    at Writable.write (node:internal/streams/writable:337:10)
    at Console.log (/Users/0xmumin/.nvm/versions/node/v18.20.5/lib/node_modules/firebase-tools/node_modules/winston/lib/winston/transports/console.js:87:23)
    at Console._write (/Users/0xmumin/.nvm/versions/node/v18.20.5/lib/node_modules/firebase-tools/node_modules/winston-transport/modern.js:103:17)
    at doWrite (/Users/0xmumin/.nvm/versions/node/v18.20.5/lib/node_modules/firebase-tools/node_modules/winston-transport/node_modules/readable-stream/lib/_stream_writable.js:390:139)
[error] 
[error] Error: An unexpected error has occurred.
[debug] [2025-08-18T03:18:50.226Z] Error: write EIO
    at afterWriteDispatched (node:internal/stream_base_commons:160:15)
    at writeGeneric (node:internal/stream_base_commons:151:3)
    at Socket._writeGeneric (node:net:962:11)
    at Socket._write (node:net:974:8)
    at writeOrBuffer (node:internal/streams/writable:392:12)
    at _write (node:internal/streams/writable:333:10)
    at Writable.write (node:internal/streams/writable:337:10)
    at Console.log (/Users/0xmumin/.nvm/versions/node/v18.20.5/lib/node_modules/firebase-tools/node_modules/winston/lib/winston/transports/console.js:87:23)
    at Console._write (/Users/0xmumin/.nvm/versions/node/v18.20.5/lib/node_modules/firebase-tools/node_modules/winston-transport/modern.js:103:17)
    at doWrite (/Users/0xmumin/.nvm/versions/node/v18.20.5/lib/node_modules/firebase-tools/node_modules/winston-transport/node_modules/readable-stream/lib/_stream_writable.js:390:139)
[error] 
[error] Error: An unexpected error has occurred.
[debug] [2025-08-18T03:18:50.226Z] Error: write EIO
    at afterWriteDispatched (node:internal/stream_base_commons:160:15)
    at writeGeneric (node:internal/stream_base_commons:151:3)
    at Socket._writeGeneric (node:net:962:11)
    at Socket._write (node:net:974:8)
    at writeOrBuffer (node:internal/streams/writable:392:12)
    at _write (node:internal/streams/writable:333:10)
    at Writable.write (node:internal/streams/writable:337:10)
    at Console.log (/Users/0xmumin/.nvm/versions/node/v18.20.5/lib/node_modules/firebase-tools/node_modules/winston/lib/winston/transports/console.js:87:23)
    at Console._write (/Users/0xmumin/.nvm/versions/node/v18.20.5/lib/node_modules/firebase-tools/node_modules/winston-transport/modern.js:103:17)
    at doWrite (/Users/0xmumin/.nvm/versions/node/v18.20.5/lib/node_modules/firebase-tools/node_modules/winston-transport/node_modules/readable-stream/lib/_stream_writable.js:390:139)
[error] 
[error] Error: An unexpected error has occurred.
[debug] [2025-08-18T03:18:50.227Z] Error: write EIO
    at afterWriteDispatched (node:internal/stream_base_commons:160:15)
    at writeGeneric (node:internal/stream_base_commons:151:3)
    at Socket._writeGeneric (node:net:962:11)
    at Socket._write (node:net:974:8)
    at writeOrBuffer (node:internal/streams/writable:392:12)
    at _write (node:internal/streams/writable:333:10)
    at Writable.write (node:internal/streams/writable:337:10)
    at Console.log (/Users/0xmumin/.nvm/versions/node/v18.20.5/lib/node_modules/firebase-tools/node_modules/winston/lib/winston/transports/console.js:87:23)
    at Console._write (/Users/0xmumin/.nvm/versions/node/v18.20.5/lib/node_modules/firebase-tools/node_modules/winston-transport/modern.js:103:17)
    at doWrite (/Users/0xmumin/.nvm/versions/node/v18.20.5/lib/node_modules/firebase-tools/node_modules/winston-transport/node_modules/readable-stream/lib/_stream_writable.js:390:139)
[error] 
[error] Error: An unexpected error has occurred.
[debug] [2025-08-18T03:18:50.228Z] Error: write EIO
    at afterWriteDispatched (node:internal/stream_base_commons:160:15)
    at writeGeneric (node:internal/stream_base_commons:151:3)
    at Socket._writeGeneric (node:net:962:11)
    at Socket._write (node:net:974:8)
    at writeOrBuffer (node:internal/streams/writable:392:12)
    at _write (node:internal/streams/writable:333:10)
    at Writable.write (node:internal/streams/writable:337:10)
    at Console.log (/Users/0xmumin/.nvm/versions/node/v18.20.5/lib/node_modules/firebase-tools/node_modules/winston/lib/winston/transports/console.js:87:23)
    at Console._write (/Users/0xmumin/.nvm/versions/node/v18.20.5/lib/node_modules/firebase-tools/node_modules/winston-transport/modern.js:103:17)
    at doWrite (/Users/0xmumin/.nvm/versions/node/v18.20.5/lib/node_modules/firebase-tools/node_modules/winston-transport/node_modules/readable-stream/lib/_stream_writable.js:390:139)
[error] 
[error] Error: An unexpected error has occurred.
[debug] [2025-08-18T03:18:50.229Z] Error: write EIO
    at afterWriteDispatched (node:internal/stream_base_commons:160:15)
    at writeGeneric (node:internal/stream_base_commons:151:3)
    at Socket._writeGeneric (node:net:962:11)
    at Socket._write (node:net:974:8)
    at writeOrBuffer (node:internal/streams/writable:392:12)
    at _write (node:internal/streams/writable:333:10)
    at Writable.write (node:internal/streams/writable:337:10)
    at Console.log (/Users/0xmumin/.nvm/versions/node/v18.20.5/lib/node_modules/firebase-tools/node_modules/winston/lib/winston/transports/console.js:87:23)
    at Console._write (/Users/0xmumin/.nvm/versions/node/v18.20.5/lib/node_modules/firebase-tools/node_modules/winston-transport/modern.js:103:17)
    at doWrite (/Users/0xmumin/.nvm/versions/node/v18.20.5/lib/node_modules/firebase-tools/node_modules/winston-transport/node_modules/readable-stream/lib/_stream_writable.js:390:139)
[error] 
[error] Error: An unexpected error has occurred.
[debug] [2025-08-18T03:18:50.229Z] Error: write EIO
    at afterWriteDispatched (node:internal/stream_base_commons:160:15)
    at writeGeneric (node:internal/stream_base_commons:151:3)
    at Socket._writeGeneric (node:net:962:11)
    at Socket._write (node:net:974:8)
    at writeOrBuffer (node:internal/streams/writable:392:12)
    at _write (node:internal/streams/writable:333:10)
    at Writable.write (node:internal/streams/writable:337:10)
    at Console.log (/Users/0xmumin/.nvm/versions/node/v18.20.5/lib/node_modules/firebase-tools/node_modules/winston/lib/winston/transports/console.js:87:23)
    at Console._write (/Users/0xmumin/.nvm/versions/node/v18.20.5/lib/node_modules/firebase-tools/node_modules/winston-transport/modern.js:103:17)
    at doWrite (/Users/0xmumin/.nvm/versions/node/v18.20.5/lib/node_modules/firebase-tools/node_modules/winston-transport/node_modules/readable-stream/lib/_stream_writable.js:390:139)
[error] 
[error] Error: An unexpected error has occurred.
[debug] [2025-08-18T03:18:50.229Z] Error: write EIO
    at afterWriteDispatched (node:internal/stream_base_commons:160:15)
    at writeGeneric (node:internal/stream_base_commons:151:3)
    at Socket._writeGeneric (node:net:962:11)
    at Socket._write (node:net:974:8)
    at writeOrBuffer (node:internal/streams/writable:392:12)
    at _write (node:internal/streams/writable:333:10)
    at Writable.write (node:internal/streams/writable:337:10)
    at Console.log (/Users/0xmumin/.nvm/versions/node/v18.20.5/lib/node_modules/firebase-tools/node_modules/winston/lib/winston/transports/console.js:87:23)
    at Console._write (/Users/0xmumin/.nvm/versions/node/v18.20.5/lib/node_modules/firebase-tools/node_modules/winston-transport/modern.js:103:17)
    at doWrite (/Users/0xmumin/.nvm/versions/node/v18.20.5/lib/node_modules/firebase-tools/node_modules/winston-transport/node_modules/readable-stream/lib/_stream_writable.js:390:139)
[error] 
[error] Error: An unexpected error has occurred.
[debug] [2025-08-18T03:18:50.229Z] Error: write EIO
    at afterWriteDispatched (node:internal/stream_base_commons:160:15)
    at writeGeneric (node:internal/stream_base_commons:151:3)
    at Socket._writeGeneric (node:net:962:11)
    at Socket._write (node:net:974:8)
    at writeOrBuffer (node:internal/streams/writable:392:12)
    at _write (node:internal/streams/writable:333:10)
    at Writable.write (node:internal/streams/writable:337:10)
    at Console.log (/Users/0xmumin/.nvm/versions/node/v18.20.5/lib/node_modules/firebase-tools/node_modules/winston/lib/winston/transports/console.js:87:23)
    at Console._write (/Users/0xmumin/.nvm/versions/node/v18.20.5/lib/node_modules/firebase-tools/node_modules/winston-transport/modern.js:103:17)
    at doWrite (/Users/0xmumin/.nvm/versions/node/v18.20.5/lib/node_modules/firebase-tools/node_modules/winston-transport/node_modules/readable-stream/lib/_stream_writable.js:390:139)
[error] 
[error] Error: An unexpected error has occurred.
[debug] [2025-08-18T03:18:50.231Z] Error: write EIO
    at afterWriteDispatched (node:internal/stream_base_commons:160:15)
    at writeGeneric (node:internal/stream_base_commons:151:3)
    at Socket._writeGeneric (node:net:962:11)
    at Socket._write (node:net:974:8)
    at writeOrBuffer (node:internal/streams/writable:392:12)
    at _write (node:internal/streams/writable:333:10)
    at Writable.write (node:internal/streams/writable:337:10)
    at Console.log (/Users/0xmumin/.nvm/versions/node/v18.20.5/lib/node_modules/firebase-tools/node_modules/winston/lib/winston/transports/console.js:87:23)
    at Console._write (/Users/0xmumin/.nvm/versions/node/v18.20.5/lib/node_modules/firebase-tools/node_modules/winston-transport/modern.js:103:17)
    at doWrite (/Users/0xmumin/.nvm/versions/node/v18.20.5/lib/node_modules/firebase-tools/node_modules/winston-transport/node_modules/readable-stream/lib/_stream_writable.js:390:139)
[error] 
[error] Error: An unexpected error has occurred.
[debug] [2025-08-18T03:18:50.232Z] Error: write EIO
    at afterWriteDispatched (node:internal/stream_base_commons:160:15)
    at writeGeneric (node:internal/stream_base_commons:151:3)
    at Socket._writeGeneric (node:net:962:11)
    at Socket._write (node:net:974:8)
    at writeOrBuffer (node:internal/streams/writable:392:12)
    at _write (node:internal/streams/writable:333:10)
    at Writable.write (node:internal/streams/writable:337:10)
    at Console.log (/Users/0xmumin/.nvm/versions/node/v18.20.5/lib/node_modules/firebase-tools/node_modules/winston/lib/winston/transports/console.js:87:23)
    at Console._write (/Users/0xmumin/.nvm/versions/node/v18.20.5/lib/node_modules/firebase-tools/node_modules/winston-transport/modern.js:103:17)
    at doWrite (/Users/0xmumin/.nvm/versions/node/v18.20.5/lib/node_modules/firebase-tools/node_modules/winston-transport/node_modules/readable-stream/lib/_stream_writable.js:390:139)
[error] 
[error] Error: An unexpected error has occurred.
[debug] [2025-08-18T03:18:50.233Z] Error: write EIO
    at afterWriteDispatched (node:internal/stream_base_commons:160:15)
    at writeGeneric (node:internal/stream_base_commons:151:3)
    at Socket._writeGeneric (node:net:962:11)
    at Socket._write (node:net:974:8)
    at writeOrBuffer (node:internal/streams/writable:392:12)
    at _write (node:internal/streams/writable:333:10)
    at Writable.write (node:internal/streams/writable:337:10)
    at Console.log (/Users/0xmumin/.nvm/versions/node/v18.20.5/lib/node_modules/firebase-tools/node_modules/winston/lib/winston/transports/console.js:87:23)
    at Console._write (/Users/0xmumin/.nvm/versions/node/v18.20.5/lib/node_modules/firebase-tools/node_modules/winston-transport/modern.js:103:17)
    at doWrite (/Users/0xmumin/.nvm/versions/node/v18.20.5/lib/node_modules/firebase-tools/node_modules/winston-transport/node_modules/readable-stream/lib/_stream_writable.js:390:139)
[error] 
[error] Error: An unexpected error has occurred.
[debug] [2025-08-18T03:18:50.234Z] Error: write EIO
    at afterWriteDispatched (node:internal/stream_base_commons:160:15)
    at writeGeneric (node:internal/stream_base_commons:151:3)
    at Socket._writeGeneric (node:net:962:11)
    at Socket._write (node:net:974:8)
    at writeOrBuffer (node:internal/streams/writable:392:12)
    at _write (node:internal/streams/writable:333:10)
    at Writable.write (node:internal/streams/writable:337:10)
    at Console.log (/Users/0xmumin/.nvm/versions/node/v18.20.5/lib/node_modules/firebase-tools/node_modules/winston/lib/winston/transports/console.js:87:23)
    at Console._write (/Users/0xmumin/.nvm/versions/node/v18.20.5/lib/node_modules/firebase-tools/node_modules/winston-transport/modern.js:103:17)
    at doWrite (/Users/0xmumin/.nvm/versions/node/v18.20.5/lib/node_modules/firebase-tools/node_modules/winston-transport/node_modules/readable-stream/lib/_stream_writable.js:390:139)
[error] 
[error] Error: An unexpected error has occurred.
[debug] [2025-08-18T03:18:50.234Z] Error: write EIO
    at afterWriteDispatched (node:internal/stream_base_commons:160:15)
    at writeGeneric (node:internal/stream_base_commons:151:3)
    at Socket._writeGeneric (node:net:962:11)
    at Socket._write (node:net:974:8)
    at writeOrBuffer (node:internal/streams/writable:392:12)
    at _write (node:internal/streams/writable:333:10)
    at Writable.write (node:internal/streams/writable:337:10)
    at Console.log (/Users/0xmumin/.nvm/versions/node/v18.20.5/lib/node_modules/firebase-tools/node_modules/winston/lib/winston/transports/console.js:87:23)
    at Console._write (/Users/0xmumin/.nvm/versions/node/v18.20.5/lib/node_modules/firebase-tools/node_modules/winston-transport/modern.js:103:17)
    at doWrite (/Users/0xmumin/.nvm/versions/node/v18.20.5/lib/node_modules/firebase-tools/node_modules/winston-transport/node_modules/readable-stream/lib/_stream_writable.js:390:139)
[error] 
[error] Error: An unexpected error has occurred.
[debug] [2025-08-18T03:18:50.235Z] Error: write EIO
    at afterWriteDispatched (node:internal/stream_base_commons:160:15)
    at writeGeneric (node:internal/stream_base_commons:151:3)
    at Socket._writeGeneric (node:net:962:11)
    at Socket._write (node:net:974:8)
    at writeOrBuffer (node:internal/streams/writable:392:12)
    at _write (node:internal/streams/writable:333:10)
    at Writable.write (node:internal/streams/writable:337:10)
    at Console.log (/Users/0xmumin/.nvm/versions/node/v18.20.5/lib/node_modules/firebase-tools/node_modules/winston/lib/winston/transports/console.js:87:23)
    at Console._write (/Users/0xmumin/.nvm/versions/node/v18.20.5/lib/node_modules/firebase-tools/node_modules/winston-transport/modern.js:103:17)
    at doWrite (/Users/0xmumin/.nvm/versions/node/v18.20.5/lib/node_modules/firebase-tools/node_modules/winston-transport/node_modules/readable-stream/lib/_stream_writable.js:390:139)
[error] 
[error] Error: An unexpected error has occurred.
[debug] [2025-08-18T03:18:50.236Z] Error: write EIO
    at afterWriteDispatched (node:internal/stream_base_commons:160:15)
    at writeGeneric (node:internal/stream_base_commons:151:3)
    at Socket._writeGeneric (node:net:962:11)
    at Socket._write (node:net:974:8)
    at writeOrBuffer (node:internal/streams/writable:392:12)
    at _write (node:internal/streams/writable:333:10)
    at Writable.write (node:internal/streams/writable:337:10)
    at Console.log (/Users/0xmumin/.nvm/versions/node/v18.20.5/lib/node_modules/firebase-tools/node_modules/winston/lib/winston/transports/console.js:87:23)
    at Console._write (/Users/0xmumin/.nvm/versions/node/v18.20.5/lib/node_modules/firebase-tools/node_modules/winston-transport/modern.js:103:17)
    at doWrite (/Users/0xmumin/.nvm/versions/node/v18.20.5/lib/node_modules/firebase-tools/node_modules/winston-transport/node_modules/readable-stream/lib/_stream_writable.js:390:139)
[error] 
[error] Error: An unexpected error has occurred.
[debug] [2025-08-18T03:18:50.236Z] Error: write EIO
    at afterWriteDispatched (node:internal/stream_base_commons:160:15)
    at writeGeneric (node:internal/stream_base_commons:151:3)
    at Socket._writeGeneric (node:net:962:11)
    at Socket._write (node:net:974:8)
    at writeOrBuffer (node:internal/streams/writable:392:12)
    at _write (node:internal/streams/writable:333:10)
    at Writable.write (node:internal/streams/writable:337:10)
    at Console.log (/Users/0xmumin/.nvm/versions/node/v18.20.5/lib/node_modules/firebase-tools/node_modules/winston/lib/winston/transports/console.js:87:23)
    at Console._write (/Users/0xmumin/.nvm/versions/node/v18.20.5/lib/node_modules/firebase-tools/node_modules/winston-transport/modern.js:103:17)
    at doWrite (/Users/0xmumin/.nvm/versions/node/v18.20.5/lib/node_modules/firebase-tools/node_modules/winston-transport/node_modules/readable-stream/lib/_stream_writable.js:390:139)
[error] 
[error] Error: An unexpected error has occurred.
[debug] [2025-08-18T03:18:50.237Z] Error: write EIO
    at afterWriteDispatched (node:internal/stream_base_commons:160:15)
    at writeGeneric (node:internal/stream_base_commons:151:3)
    at Socket._writeGeneric (node:net:962:11)
    at Socket._write (node:net:974:8)
    at writeOrBuffer (node:internal/streams/writable:392:12)
    at _write (node:internal/streams/writable:333:10)
    at Writable.write (node:internal/streams/writable:337:10)
    at Console.log (/Users/0xmumin/.nvm/versions/node/v18.20.5/lib/node_modules/firebase-tools/node_modules/winston/lib/winston/transports/console.js:87:23)
    at Console._write (/Users/0xmumin/.nvm/versions/node/v18.20.5/lib/node_modules/firebase-tools/node_modules/winston-transport/modern.js:103:17)
    at doWrite (/Users/0xmumin/.nvm/versions/node/v18.20.5/lib/node_modules/firebase-tools/node_modules/winston-transport/node_modules/readable-stream/lib/_stream_writable.js:390:139)
[error] 
[error] Error: An unexpected error has occurred.
[debug] [2025-08-18T03:18:50.237Z] Error: write EIO
    at afterWriteDispatched (node:internal/stream_base_commons:160:15)
    at writeGeneric (node:internal/stream_base_commons:151:3)
    at Socket._writeGeneric (node:net:962:11)
    at Socket._write (node:net:974:8)
    at writeOrBuffer (node:internal/streams/writable:392:12)
    at _write (node:internal/streams/writable:333:10)
    at Writable.write (node:internal/streams/writable:337:10)
    at Console.log (/Users/0xmumin/.nvm/versions/node/v18.20.5/lib/node_modules/firebase-tools/node_modules/winston/lib/winston/transports/console.js:87:23)
    at Console._write (/Users/0xmumin/.nvm/versions/node/v18.20.5/lib/node_modules/firebase-tools/node_modules/winston-transport/modern.js:103:17)
    at doWrite (/Users/0xmumin/.nvm/versions/node/v18.20.5/lib/node_modules/firebase-tools/node_modules/winston-transport/node_modules/readable-stream/lib/_stream_writable.js:390:139)
[error] 
[error] Error: An unexpected error has occurred.
[debug] [2025-08-18T03:18:50.237Z] Error: write EIO
    at afterWriteDispatched (node:internal/stream_base_commons:160:15)
    at writeGeneric (node:internal/stream_base_commons:151:3)
    at Socket._writeGeneric (node:net:962:11)
    at Socket._write (node:net:974:8)
    at writeOrBuffer (node:internal/streams/writable:392:12)
    at _write (node:internal/streams/writable:333:10)
    at Writable.write (node:internal/streams/writable:337:10)
    at Console.log (/Users/0xmumin/.nvm/versions/node/v18.20.5/lib/node_modules/firebase-tools/node_modules/winston/lib/winston/transports/console.js:87:23)
    at Console._write (/Users/0xmumin/.nvm/versions/node/v18.20.5/lib/node_modules/firebase-tools/node_modules/winston-transport/modern.js:103:17)
    at doWrite (/Users/0xmumin/.nvm/versions/node/v18.20.5/lib/node_modules/firebase-tools/node_modules/winston-transport/node_modules/readable-stream/lib/_stream_writable.js:390:139)
[error] 
[error] Error: An unexpected error has occurred.
[debug] [2025-08-18T03:18:50.238Z] Error: write EIO
    at afterWriteDispatched (node:internal/stream_base_commons:160:15)
    at writeGeneric (node:internal/stream_base_commons:151:3)
    at Socket._writeGeneric (node:net:962:11)
    at Socket._write (node:net:974:8)
    at writeOrBuffer (node:internal/streams/writable:392:12)
    at _write (node:internal/streams/writable:333:10)
    at Writable.write (node:internal/streams/writable:337:10)
    at Console.log (/Users/0xmumin/.nvm/versions/node/v18.20.5/lib/node_modules/firebase-tools/node_modules/winston/lib/winston/transports/console.js:87:23)
    at Console._write (/Users/0xmumin/.nvm/versions/node/v18.20.5/lib/node_modules/firebase-tools/node_modules/winston-transport/modern.js:103:17)
    at doWrite (/Users/0xmumin/.nvm/versions/node/v18.20.5/lib/node_modules/firebase-tools/node_modules/winston-transport/node_modules/readable-stream/lib/_stream_writable.js:390:139)
[error] 
[error] Error: An unexpected error has occurred.
[debug] [2025-08-18T03:18:50.238Z] Error: write EIO
    at afterWriteDispatched (node:internal/stream_base_commons:160:15)
    at writeGeneric (node:internal/stream_base_commons:151:3)
    at Socket._writeGeneric (node:net:962:11)
    at Socket._write (node:net:974:8)
    at writeOrBuffer (node:internal/streams/writable:392:12)
    at _write (node:internal/streams/writable:333:10)
    at Writable.write (node:internal/streams/writable:337:10)
    at Console.log (/Users/0xmumin/.nvm/versions/node/v18.20.5/lib/node_modules/firebase-tools/node_modules/winston/lib/winston/transports/console.js:87:23)
    at Console._write (/Users/0xmumin/.nvm/versions/node/v18.20.5/lib/node_modules/firebase-tools/node_modules/winston-transport/modern.js:103:17)
    at doWrite (/Users/0xmumin/.nvm/versions/node/v18.20.5/lib/node_modules/firebase-tools/node_modules/winston-transport/node_modules/readable-stream/lib/_stream_writable.js:390:139)
[error] 
[error] Error: An unexpected error has occurred.
[debug] [2025-08-18T03:18:50.239Z] Error: write EIO
    at afterWriteDispatched (node:internal/stream_base_commons:160:15)
    at writeGeneric (node:internal/stream_base_commons:151:3)
    at Socket._writeGeneric (node:net:962:11)
    at Socket._write (node:net:974:8)
    at writeOrBuffer (node:internal/streams/writable:392:12)
    at _write (node:internal/streams/writable:333:10)
    at Writable.write (node:internal/streams/writable:337:10)
    at Console.log (/Users/0xmumin/.nvm/versions/node/v18.20.5/lib/node_modules/firebase-tools/node_modules/winston/lib/winston/transports/console.js:87:23)
    at Console._write (/Users/0xmumin/.nvm/versions/node/v18.20.5/lib/node_modules/firebase-tools/node_modules/winston-transport/modern.js:103:17)
    at doWrite (/Users/0xmumin/.nvm/versions/node/v18.20.5/lib/node_modules/firebase-tools/node_modules/winston-transport/node_modules/readable-stream/lib/_stream_writable.js:390:139)
[error] 
[error] Error: An unexpected error has occurred.
[debug] [2025-08-18T03:18:50.239Z] Error: write EIO
    at afterWriteDispatched (node:internal/stream_base_commons:160:15)
    at writeGeneric (node:internal/stream_base_commons:151:3)
    at Socket._writeGeneric (node:net:962:11)
    at Socket._write (node:net:974:8)
    at writeOrBuffer (node:internal/streams/writable:392:12)
    at _write (node:internal/streams/writable:333:10)
    at Writable.write (node:internal/streams/writable:337:10)
    at Console.log (/Users/0xmumin/.nvm/versions/node/v18.20.5/lib/node_modules/firebase-tools/node_modules/winston/lib/winston/transports/console.js:87:23)
    at Console._write (/Users/0xmumin/.nvm/versions/node/v18.20.5/lib/node_modules/firebase-tools/node_modules/winston-transport/modern.js:103:17)
    at doWrite (/Users/0xmumin/.nvm/versions/node/v18.20.5/lib/node_modules/firebase-tools/node_modules/winston-transport/node_modules/readable-stream/lib/_stream_writable.js:390:139)
[error] 
[error] Error: An unexpected error has occurred.
[debug] [2025-08-18T03:18:50.239Z] Error: write EIO
    at afterWriteDispatched (node:internal/stream_base_commons:160:15)
    at writeGeneric (node:internal/stream_base_commons:151:3)
    at Socket._writeGeneric (node:net:962:11)
    at Socket._write (node:net:974:8)
    at writeOrBuffer (node:internal/streams/writable:392:12)
    at _write (node:internal/streams/writable:333:10)
    at Writable.write (node:internal/streams/writable:337:10)
    at Console.log (/Users/0xmumin/.nvm/versions/node/v18.20.5/lib/node_modules/firebase-tools/node_modules/winston/lib/winston/transports/console.js:87:23)
    at Console._write (/Users/0xmumin/.nvm/versions/node/v18.20.5/lib/node_modules/firebase-tools/node_modules/winston-transport/modern.js:103:17)
    at doWrite (/Users/0xmumin/.nvm/versions/node/v18.20.5/lib/node_modules/firebase-tools/node_modules/winston-transport/node_modules/readable-stream/lib/_stream_writable.js:390:139)
[error] 
[error] Error: An unexpected error has occurred.
[debug] [2025-08-18T03:18:50.239Z] Error: write EIO
    at afterWriteDispatched (node:internal/stream_base_commons:160:15)
    at writeGeneric (node:internal/stream_base_commons:151:3)
    at Socket._writeGeneric (node:net:962:11)
    at Socket._write (node:net:974:8)
    at writeOrBuffer (node:internal/streams/writable:392:12)
    at _write (node:internal/streams/writable:333:10)
    at Writable.write (node:internal/streams/writable:337:10)
    at Console.log (/Users/0xmumin/.nvm/versions/node/v18.20.5/lib/node_modules/firebase-tools/node_modules/winston/lib/winston/transports/console.js:87:23)
    at Console._write (/Users/0xmumin/.nvm/versions/node/v18.20.5/lib/node_modules/firebase-tools/node_modules/winston-transport/modern.js:103:17)
    at doWrite (/Users/0xmumin/.nvm/versions/node/v18.20.5/lib/node_modules/firebase-tools/node_modules/winston-transport/node_modules/readable-stream/lib/_stream_writable.js:390:139)
[error] 
[error] Error: An unexpected error has occurred.
[debug] [2025-08-18T03:18:50.239Z] Error: write EIO
    at afterWriteDispatched (node:internal/stream_base_commons:160:15)
    at writeGeneric (node:internal/stream_base_commons:151:3)
    at Socket._writeGeneric (node:net:962:11)
    at Socket._write (node:net:974:8)
    at writeOrBuffer (node:internal/streams/writable:392:12)
    at _write (node:internal/streams/writable:333:10)
    at Writable.write (node:internal/streams/writable:337:10)
    at Console.log (/Users/0xmumin/.nvm/versions/node/v18.20.5/lib/node_modules/firebase-tools/node_modules/winston/lib/winston/transports/console.js:87:23)
    at Console._write (/Users/0xmumin/.nvm/versions/node/v18.20.5/lib/node_modules/firebase-tools/node_modules/winston-transport/modern.js:103:17)
    at doWrite (/Users/0xmumin/.nvm/versions/node/v18.20.5/lib/node_modules/firebase-tools/node_modules/winston-transport/node_modules/readable-stream/lib/_stream_writable.js:390:139)
[error] 
[error] Error: An unexpected error has occurred.
[debug] [2025-08-18T03:18:50.254Z] Error: write EIO
    at afterWriteDispatched (node:internal/stream_base_commons:160:15)
    at writeGeneric (node:internal/stream_base_commons:151:3)
    at Socket._writeGeneric (node:net:962:11)
    at Socket._write (node:net:974:8)
    at writeOrBuffer (node:internal/streams/writable:392:12)
    at _write (node:internal/streams/writable:333:10)
    at Writable.write (node:internal/streams/writable:337:10)
    at Console.log (/Users/0xmumin/.nvm/versions/node/v18.20.5/lib/node_modules/firebase-tools/node_modules/winston/lib/winston/transports/console.js:87:23)
    at Console._write (/Users/0xmumin/.nvm/versions/node/v18.20.5/lib/node_modules/firebase-tools/node_modules/winston-transport/modern.js:103:17)
    at doWrite (/Users/0xmumin/.nvm/versions/node/v18.20.5/lib/node_modules/firebase-tools/node_modules/winston-transport/node_modules/readable-stream/lib/_stream_writable.js:390:139)
[error] 
[error] Error: An unexpected error has occurred.
[debug] [2025-08-18T03:18:50.254Z] Error: write EIO
    at afterWriteDispatched (node:internal/stream_base_commons:160:15)
    at writeGeneric (node:internal/stream_base_commons:151:3)
    at Socket._writeGeneric (node:net:962:11)
    at Socket._write (node:net:974:8)
    at writeOrBuffer (node:internal/streams/writable:392:12)
    at _write (node:internal/streams/writable:333:10)
    at Writable.write (node:internal/streams/writable:337:10)
    at Console.log (/Users/0xmumin/.nvm/versions/node/v18.20.5/lib/node_modules/firebase-tools/node_modules/winston/lib/winston/transports/console.js:87:23)
    at Console._write (/Users/0xmumin/.nvm/versions/node/v18.20.5/lib/node_modules/firebase-tools/node_modules/winston-transport/modern.js:103:17)
    at doWrite (/Users/0xmumin/.nvm/versions/node/v18.20.5/lib/node_modules/firebase-tools/node_modules/winston-transport/node_modules/readable-stream/lib/_stream_writable.js:390:139)
[error] 
[error] Error: An unexpected error has occurred.
[debug] [2025-08-18T03:18:50.254Z] Error: write EIO
    at afterWriteDispatched (node:internal/stream_base_commons:160:15)
    at writeGeneric (node:internal/stream_base_commons:151:3)
    at Socket._writeGeneric (node:net:962:11)
    at Socket._write (node:net:974:8)
    at writeOrBuffer (node:internal/streams/writable:392:12)
    at _write (node:internal/streams/writable:333:10)
    at Writable.write (node:internal/streams/writable:337:10)
    at Console.log (/Users/0xmumin/.nvm/versions/node/v18.20.5/lib/node_modules/firebase-tools/node_modules/winston/lib/winston/transports/console.js:87:23)
    at Console._write (/Users/0xmumin/.nvm/versions/node/v18.20.5/lib/node_modules/firebase-tools/node_modules/winston-transport/modern.js:103:17)
    at doWrite (/Users/0xmumin/.nvm/versions/node/v18.20.5/lib/node_modules/firebase-tools/node_modules/winston-transport/node_modules/readable-stream/lib/_stream_writable.js:390:139)
[error] 
[error] Error: An unexpected error has occurred.
[debug] [2025-08-18T03:18:50.255Z] Error: write EIO
    at afterWriteDispatched (node:internal/stream_base_commons:160:15)
    at writeGeneric (node:internal/stream_base_commons:151:3)
    at Socket._writeGeneric (node:net:962:11)
    at Socket._write (node:net:974:8)
    at writeOrBuffer (node:internal/streams/writable:392:12)
    at _write (node:internal/streams/writable:333:10)
    at Writable.write (node:internal/streams/writable:337:10)
    at Console.log (/Users/0xmumin/.nvm/versions/node/v18.20.5/lib/node_modules/firebase-tools/node_modules/winston/lib/winston/transports/console.js:87:23)
    at Console._write (/Users/0xmumin/.nvm/versions/node/v18.20.5/lib/node_modules/firebase-tools/node_modules/winston-transport/modern.js:103:17)
    at doWrite (/Users/0xmumin/.nvm/versions/node/v18.20.5/lib/node_modules/firebase-tools/node_modules/winston-transport/node_modules/readable-stream/lib/_stream_writable.js:390:139)
[error] 
[error] Error: An unexpected error has occurred.
[debug] [2025-08-18T03:18:50.255Z] Error: write EIO
    at afterWriteDispatched (node:internal/stream_base_commons:160:15)
    at writeGeneric (node:internal/stream_base_commons:151:3)
    at Socket._writeGeneric (node:net:962:11)
    at Socket._write (node:net:974:8)
    at writeOrBuffer (node:internal/streams/writable:392:12)
    at _write (node:internal/streams/writable:333:10)
    at Writable.write (node:internal/streams/writable:337:10)
    at Console.log (/Users/0xmumin/.nvm/versions/node/v18.20.5/lib/node_modules/firebase-tools/node_modules/winston/lib/winston/transports/console.js:87:23)
    at Console._write (/Users/0xmumin/.nvm/versions/node/v18.20.5/lib/node_modules/firebase-tools/node_modules/winston-transport/modern.js:103:17)
    at doWrite (/Users/0xmumin/.nvm/versions/node/v18.20.5/lib/node_modules/firebase-tools/node_modules/winston-transport/node_modules/readable-stream/lib/_stream_writable.js:390:139)
[error] 
[error] Error: An unexpected error has occurred.
[debug] [2025-08-18T03:18:50.256Z] Error: write EIO
    at afterWriteDispatched (node:internal/stream_base_commons:160:15)
    at writeGeneric (node:internal/stream_base_commons:151:3)
    at Socket._writeGeneric (node:net:962:11)
    at Socket._write (node:net:974:8)
    at writeOrBuffer (node:internal/streams/writable:392:12)
    at _write (node:internal/streams/writable:333:10)
    at Writable.write (node:internal/streams/writable:337:10)
    at Console.log (/Users/0xmumin/.nvm/versions/node/v18.20.5/lib/node_modules/firebase-tools/node_modules/winston/lib/winston/transports/console.js:87:23)
    at Console._write (/Users/0xmumin/.nvm/versions/node/v18.20.5/lib/node_modules/firebase-tools/node_modules/winston-transport/modern.js:103:17)
    at doWrite (/Users/0xmumin/.nvm/versions/node/v18.20.5/lib/node_modules/firebase-tools/node_modules/winston-transport/node_modules/readable-stream/lib/_stream_writable.js:390:139)
[error] 
[error] Error: An unexpected error has occurred.
[debug] [2025-08-18T03:18:50.256Z] Error: write EIO
    at afterWriteDispatched (node:internal/stream_base_commons:160:15)
    at writeGeneric (node:internal/stream_base_commons:151:3)
    at Socket._writeGeneric (node:net:962:11)
    at Socket._write (node:net:974:8)
    at writeOrBuffer (node:internal/streams/writable:392:12)
    at _write (node:internal/streams/writable:333:10)
    at Writable.write (node:internal/streams/writable:337:10)
    at Console.log (/Users/0xmumin/.nvm/versions/node/v18.20.5/lib/node_modules/firebase-tools/node_modules/winston/lib/winston/transports/console.js:87:23)
    at Console._write (/Users/0xmumin/.nvm/versions/node/v18.20.5/lib/node_modules/firebase-tools/node_modules/winston-transport/modern.js:103:17)
    at doWrite (/Users/0xmumin/.nvm/versions/node/v18.20.5/lib/node_modules/firebase-tools/node_modules/winston-transport/node_modules/readable-stream/lib/_stream_writable.js:390:139)
[error] 
[error] Error: An unexpected error has occurred.
[debug] [2025-08-18T03:18:50.256Z] Error: write EIO
    at afterWriteDispatched (node:internal/stream_base_commons:160:15)
    at writeGeneric (node:internal/stream_base_commons:151:3)
    at Socket._writeGeneric (node:net:962:11)
    at Socket._write (node:net:974:8)
    at writeOrBuffer (node:internal/streams/writable:392:12)
    at _write (node:internal/streams/writable:333:10)
    at Writable.write (node:internal/streams/writable:337:10)
    at Console.log (/Users/0xmumin/.nvm/versions/node/v18.20.5/lib/node_modules/firebase-tools/node_modules/winston/lib/winston/transports/console.js:87:23)
    at Console._write (/Users/0xmumin/.nvm/versions/node/v18.20.5/lib/node_modules/firebase-tools/node_modules/winston-transport/modern.js:103:17)
    at doWrite (/Users/0xmumin/.nvm/versions/node/v18.20.5/lib/node_modules/firebase-tools/node_modules/winston-transport/node_modules/readable-stream/lib/_stream_writable.js:390:139)
[error] 
[error] Error: An unexpected error has occurred.
[debug] [2025-08-18T03:18:50.260Z] Error: write EIO
    at afterWriteDispatched (node:internal/stream_base_commons:160:15)
    at writeGeneric (node:internal/stream_base_commons:151:3)
    at Socket._writeGeneric (node:net:962:11)
    at Socket._write (node:net:974:8)
    at writeOrBuffer (node:internal/streams/writable:392:12)
    at _write (node:internal/streams/writable:333:10)
    at Writable.write (node:internal/streams/writable:337:10)
    at Console.log (/Users/0xmumin/.nvm/versions/node/v18.20.5/lib/node_modules/firebase-tools/node_modules/winston/lib/winston/transports/console.js:87:23)
    at Console._write (/Users/0xmumin/.nvm/versions/node/v18.20.5/lib/node_modules/firebase-tools/node_modules/winston-transport/modern.js:103:17)
    at doWrite (/Users/0xmumin/.nvm/versions/node/v18.20.5/lib/node_modules/firebase-tools/node_modules/winston-transport/node_modules/readable-stream/lib/_stream_writable.js:390:139)
[error] 
[error] Error: An unexpected error has occurred.
[debug] [2025-08-18T03:18:50.262Z] Error: write EIO
    at afterWriteDispatched (node:internal/stream_base_commons:160:15)
    at writeGeneric (node:internal/stream_base_commons:151:3)
    at Socket._writeGeneric (node:net:962:11)
    at Socket._write (node:net:974:8)
    at writeOrBuffer (node:internal/streams/writable:392:12)
    at _write (node:internal/streams/writable:333:10)
    at Writable.write (node:internal/streams/writable:337:10)
    at Console.log (/Users/0xmumin/.nvm/versions/node/v18.20.5/lib/node_modules/firebase-tools/node_modules/winston/lib/winston/transports/console.js:87:23)
    at Console._write (/Users/0xmumin/.nvm/versions/node/v18.20.5/lib/node_modules/firebase-tools/node_modules/winston-transport/modern.js:103:17)
    at doWrite (/Users/0xmumin/.nvm/versions/node/v18.20.5/lib/node_modules/firebase-tools/node_modules/winston-transport/node_modules/readable-stream/lib/_stream_writable.js:390:139)
[error] 
[error] Error: An unexpected error has occurred.
[debug] [2025-08-18T03:18:50.262Z] Error: write EIO
    at afterWriteDispatched (node:internal/stream_base_commons:160:15)
    at writeGeneric (node:internal/stream_base_commons:151:3)
    at Socket._writeGeneric (node:net:962:11)
    at Socket._write (node:net:974:8)
    at writeOrBuffer (node:internal/streams/writable:392:12)
    at _write (node:internal/streams/writable:333:10)
    at Writable.write (node:internal/streams/writable:337:10)
    at Console.log (/Users/0xmumin/.nvm/versions/node/v18.20.5/lib/node_modules/firebase-tools/node_modules/winston/lib/winston/transports/console.js:87:23)
    at Console._write (/Users/0xmumin/.nvm/versions/node/v18.20.5/lib/node_modules/firebase-tools/node_modules/winston-transport/modern.js:103:17)
    at doWrite (/Users/0xmumin/.nvm/versions/node/v18.20.5/lib/node_modules/firebase-tools/node_modules/winston-transport/node_modules/readable-stream/lib/_stream_writable.js:390:139)
[error] 
[error] Error: An unexpected error has occurred.
[debug] [2025-08-18T03:18:50.264Z] Error: write EIO
    at afterWriteDispatched (node:internal/stream_base_commons:160:15)
    at writeGeneric (node:internal/stream_base_commons:151:3)
    at Socket._writeGeneric (node:net:962:11)
    at Socket._write (node:net:974:8)
    at writeOrBuffer (node:internal/streams/writable:392:12)
    at _write (node:internal/streams/writable:333:10)
    at Writable.write (node:internal/streams/writable:337:10)
    at Console.log (/Users/0xmumin/.nvm/versions/node/v18.20.5/lib/node_modules/firebase-tools/node_modules/winston/lib/winston/transports/console.js:87:23)
    at Console._write (/Users/0xmumin/.nvm/versions/node/v18.20.5/lib/node_modules/firebase-tools/node_modules/winston-transport/modern.js:103:17)
    at doWrite (/Users/0xmumin/.nvm/versions/node/v18.20.5/lib/node_modules/firebase-tools/node_modules/winston-transport/node_modules/readable-stream/lib/_stream_writable.js:390:139)
[error] 
[error] Error: An unexpected error has occurred.
[debug] [2025-08-18T03:18:50.265Z] Error: write EIO
    at afterWriteDispatched (node:internal/stream_base_commons:160:15)
    at writeGeneric (node:internal/stream_base_commons:151:3)
    at Socket._writeGeneric (node:net:962:11)
    at Socket._write (node:net:974:8)
    at writeOrBuffer (node:internal/streams/writable:392:12)
    at _write (node:internal/streams/writable:333:10)
    at Writable.write (node:internal/streams/writable:337:10)
    at Console.log (/Users/0xmumin/.nvm/versions/node/v18.20.5/lib/node_modules/firebase-tools/node_modules/winston/lib/winston/transports/console.js:87:23)
    at Console._write (/Users/0xmumin/.nvm/versions/node/v18.20.5/lib/node_modules/firebase-tools/node_modules/winston-transport/modern.js:103:17)
    at doWrite (/Users/0xmumin/.nvm/versions/node/v18.20.5/lib/node_modules/firebase-tools/node_modules/winston-transport/node_modules/readable-stream/lib/_stream_writable.js:390:139)
[error] 
[error] Error: An unexpected error has occurred.
[debug] [2025-08-18T03:18:50.265Z] Error: write EIO
    at afterWriteDispatched (node:internal/stream_base_commons:160:15)
    at writeGeneric (node:internal/stream_base_commons:151:3)
    at Socket._writeGeneric (node:net:962:11)
    at Socket._write (node:net:974:8)
    at writeOrBuffer (node:internal/streams/writable:392:12)
    at _write (node:internal/streams/writable:333:10)
    at Writable.write (node:internal/streams/writable:337:10)
    at Console.log (/Users/0xmumin/.nvm/versions/node/v18.20.5/lib/node_modules/firebase-tools/node_modules/winston/lib/winston/transports/console.js:87:23)
    at Console._write (/Users/0xmumin/.nvm/versions/node/v18.20.5/lib/node_modules/firebase-tools/node_modules/winston-transport/modern.js:103:17)
    at doWrite (/Users/0xmumin/.nvm/versions/node/v18.20.5/lib/node_modules/firebase-tools/node_modules/winston-transport/node_modules/readable-stream/lib/_stream_writable.js:390:139)
[error] 
[error] Error: An unexpected error has occurred.
[debug] [2025-08-18T03:18:50.265Z] Error: write EIO
    at afterWriteDispatched (node:internal/stream_base_commons:160:15)
    at writeGeneric (node:internal/stream_base_commons:151:3)
    at Socket._writeGeneric (node:net:962:11)
    at Socket._write (node:net:974:8)
    at writeOrBuffer (node:internal/streams/writable:392:12)
    at _write (node:internal/streams/writable:333:10)
    at Writable.write (node:internal/streams/writable:337:10)
    at Console.log (/Users/0xmumin/.nvm/versions/node/v18.20.5/lib/node_modules/firebase-tools/node_modules/winston/lib/winston/transports/console.js:87:23)
    at Console._write (/Users/0xmumin/.nvm/versions/node/v18.20.5/lib/node_modules/firebase-tools/node_modules/winston-transport/modern.js:103:17)
    at doWrite (/Users/0xmumin/.nvm/versions/node/v18.20.5/lib/node_modules/firebase-tools/node_modules/winston-transport/node_modules/readable-stream/lib/_stream_writable.js:390:139)
[error] 
[error] Error: An unexpected error has occurred.
[debug] [2025-08-18T03:18:50.265Z] Error: write EIO
    at afterWriteDispatched (node:internal/stream_base_commons:160:15)
    at writeGeneric (node:internal/stream_base_commons:151:3)
    at Socket._writeGeneric (node:net:962:11)
    at Socket._write (node:net:974:8)
    at writeOrBuffer (node:internal/streams/writable:392:12)
    at _write (node:internal/streams/writable:333:10)
    at Writable.write (node:internal/streams/writable:337:10)
    at Console.log (/Users/0xmumin/.nvm/versions/node/v18.20.5/lib/node_modules/firebase-tools/node_modules/winston/lib/winston/transports/console.js:87:23)
    at Console._write (/Users/0xmumin/.nvm/versions/node/v18.20.5/lib/node_modules/firebase-tools/node_modules/winston-transport/modern.js:103:17)
    at doWrite (/Users/0xmumin/.nvm/versions/node/v18.20.5/lib/node_modules/firebase-tools/node_modules/winston-transport/node_modules/readable-stream/lib/_stream_writable.js:390:139)
[error] 
[error] Error: An unexpected error has occurred.
[debug] [2025-08-18T03:18:50.265Z] Error: write EIO
    at afterWriteDispatched (node:internal/stream_base_commons:160:15)
    at writeGeneric (node:internal/stream_base_commons:151:3)
    at Socket._writeGeneric (node:net:962:11)
    at Socket._write (node:net:974:8)
    at writeOrBuffer (node:internal/streams/writable:392:12)
    at _write (node:internal/streams/writable:333:10)
    at Writable.write (node:internal/streams/writable:337:10)
    at Console.log (/Users/0xmumin/.nvm/versions/node/v18.20.5/lib/node_modules/firebase-tools/node_modules/winston/lib/winston/transports/console.js:87:23)
    at Console._write (/Users/0xmumin/.nvm/versions/node/v18.20.5/lib/node_modules/firebase-tools/node_modules/winston-transport/modern.js:103:17)
    at doWrite (/Users/0xmumin/.nvm/versions/node/v18.20.5/lib/node_modules/firebase-tools/node_modules/winston-transport/node_modules/readable-stream/lib/_stream_writable.js:390:139)
[error] 
[error] Error: An unexpected error has occurred.
[debug] [2025-08-18T03:18:50.265Z] Could not find VSCode notification endpoint: FetchError: request to http://localhost:40001/vscode/notify failed, reason: connect ECONNREFUSED ::1:40001. If you are not running the Firebase Data Connect VSCode extension, this is expected and not an issue.
[debug] [2025-08-18T03:18:50.268Z] Error: write EIO
    at afterWriteDispatched (node:internal/stream_base_commons:160:15)
    at writeGeneric (node:internal/stream_base_commons:151:3)
    at Socket._writeGeneric (node:net:962:11)
    at Socket._write (node:net:974:8)
    at writeOrBuffer (node:internal/streams/writable:392:12)
    at _write (node:internal/streams/writable:333:10)
    at Writable.write (node:internal/streams/writable:337:10)
    at Console.log (/Users/0xmumin/.nvm/versions/node/v18.20.5/lib/node_modules/firebase-tools/node_modules/winston/lib/winston/transports/console.js:87:23)
    at Console._write (/Users/0xmumin/.nvm/versions/node/v18.20.5/lib/node_modules/firebase-tools/node_modules/winston-transport/modern.js:103:17)
    at doWrite (/Users/0xmumin/.nvm/versions/node/v18.20.5/lib/node_modules/firebase-tools/node_modules/winston-transport/node_modules/readable-stream/lib/_stream_writable.js:390:139)
[error] 
[error] Error: An unexpected error has occurred.
[debug] [2025-08-18T03:18:50.268Z] Error: write EIO
    at afterWriteDispatched (node:internal/stream_base_commons:160:15)
    at writeGeneric (node:internal/stream_base_commons:151:3)
    at Socket._writeGeneric (node:net:962:11)
    at Socket._write (node:net:974:8)
    at writeOrBuffer (node:internal/streams/writable:392:12)
    at _write (node:internal/streams/writable:333:10)
    at Writable.write (node:internal/streams/writable:337:10)
    at Console.log (/Users/0xmumin/.nvm/versions/node/v18.20.5/lib/node_modules/firebase-tools/node_modules/winston/lib/winston/transports/console.js:87:23)
    at Console._write (/Users/0xmumin/.nvm/versions/node/v18.20.5/lib/node_modules/firebase-tools/node_modules/winston-transport/modern.js:103:17)
    at doWrite (/Users/0xmumin/.nvm/versions/node/v18.20.5/lib/node_modules/firebase-tools/node_modules/winston-transport/node_modules/readable-stream/lib/_stream_writable.js:390:139)
[error] 
[error] Error: An unexpected error has occurred.
[debug] [2025-08-18T03:18:50.268Z] Error: write EIO
    at afterWriteDispatched (node:internal/stream_base_commons:160:15)
    at writeGeneric (node:internal/stream_base_commons:151:3)
    at Socket._writeGeneric (node:net:962:11)
    at Socket._write (node:net:974:8)
    at writeOrBuffer (node:internal/streams/writable:392:12)
    at _write (node:internal/streams/writable:333:10)
    at Writable.write (node:internal/streams/writable:337:10)
    at Console.log (/Users/0xmumin/.nvm/versions/node/v18.20.5/lib/node_modules/firebase-tools/node_modules/winston/lib/winston/transports/console.js:87:23)
    at Console._write (/Users/0xmumin/.nvm/versions/node/v18.20.5/lib/node_modules/firebase-tools/node_modules/winston-transport/modern.js:103:17)
    at doWrite (/Users/0xmumin/.nvm/versions/node/v18.20.5/lib/node_modules/firebase-tools/node_modules/winston-transport/node_modules/readable-stream/lib/_stream_writable.js:390:139)
[error] 
[error] Error: An unexpected error has occurred.
[debug] [2025-08-18T03:18:50.268Z] Error: write EIO
    at afterWriteDispatched (node:internal/stream_base_commons:160:15)
    at writeGeneric (node:internal/stream_base_commons:151:3)
    at Socket._writeGeneric (node:net:962:11)
    at Socket._write (node:net:974:8)
    at writeOrBuffer (node:internal/streams/writable:392:12)
    at _write (node:internal/streams/writable:333:10)
    at Writable.write (node:internal/streams/writable:337:10)
    at Console.log (/Users/0xmumin/.nvm/versions/node/v18.20.5/lib/node_modules/firebase-tools/node_modules/winston/lib/winston/transports/console.js:87:23)
    at Console._write (/Users/0xmumin/.nvm/versions/node/v18.20.5/lib/node_modules/firebase-tools/node_modules/winston-transport/modern.js:103:17)
    at doWrite (/Users/0xmumin/.nvm/versions/node/v18.20.5/lib/node_modules/firebase-tools/node_modules/winston-transport/node_modules/readable-stream/lib/_stream_writable.js:390:139)
[error] 
[error] Error: An unexpected error has occurred.
[debug] [2025-08-18T03:18:50.268Z] Error: write EIO
    at afterWriteDispatched (node:internal/stream_base_commons:160:15)
    at writeGeneric (node:internal/stream_base_commons:151:3)
    at Socket._writeGeneric (node:net:962:11)
    at Socket._write (node:net:974:8)
    at writeOrBuffer (node:internal/streams/writable:392:12)
    at _write (node:internal/streams/writable:333:10)
    at Writable.write (node:internal/streams/writable:337:10)
    at Console.log (/Users/0xmumin/.nvm/versions/node/v18.20.5/lib/node_modules/firebase-tools/node_modules/winston/lib/winston/transports/console.js:87:23)
    at Console._write (/Users/0xmumin/.nvm/versions/node/v18.20.5/lib/node_modules/firebase-tools/node_modules/winston-transport/modern.js:103:17)
    at doWrite (/Users/0xmumin/.nvm/versions/node/v18.20.5/lib/node_modules/firebase-tools/node_modules/winston-transport/node_modules/readable-stream/lib/_stream_writable.js:390:139)
[error] 
[error] Error: An unexpected error has occurred.
[debug] [2025-08-18T03:18:50.268Z] Error: write EIO
    at afterWriteDispatched (node:internal/stream_base_commons:160:15)
    at writeGeneric (node:internal/stream_base_commons:151:3)
    at Socket._writeGeneric (node:net:962:11)
    at Socket._write (node:net:974:8)
    at writeOrBuffer (node:internal/streams/writable:392:12)
    at _write (node:internal/streams/writable:333:10)
    at Writable.write (node:internal/streams/writable:337:10)
    at Console.log (/Users/0xmumin/.nvm/versions/node/v18.20.5/lib/node_modules/firebase-tools/node_modules/winston/lib/winston/transports/console.js:87:23)
    at Console._write (/Users/0xmumin/.nvm/versions/node/v18.20.5/lib/node_modules/firebase-tools/node_modules/winston-transport/modern.js:103:17)
    at doWrite (/Users/0xmumin/.nvm/versions/node/v18.20.5/lib/node_modules/firebase-tools/node_modules/winston-transport/node_modules/readable-stream/lib/_stream_writable.js:390:139)
[error] 
[error] Error: An unexpected error has occurred.
[debug] [2025-08-18T03:18:50.268Z] Error: write EIO
    at afterWriteDispatched (node:internal/stream_base_commons:160:15)
    at writeGeneric (node:internal/stream_base_commons:151:3)
    at Socket._writeGeneric (node:net:962:11)
    at Socket._write (node:net:974:8)
    at writeOrBuffer (node:internal/streams/writable:392:12)
    at _write (node:internal/streams/writable:333:10)
    at Writable.write (node:internal/streams/writable:337:10)
    at Console.log (/Users/0xmumin/.nvm/versions/node/v18.20.5/lib/node_modules/firebase-tools/node_modules/winston/lib/winston/transports/console.js:87:23)
    at Console._write (/Users/0xmumin/.nvm/versions/node/v18.20.5/lib/node_modules/firebase-tools/node_modules/winston-transport/modern.js:103:17)
    at doWrite (/Users/0xmumin/.nvm/versions/node/v18.20.5/lib/node_modules/firebase-tools/node_modules/winston-transport/node_modules/readable-stream/lib/_stream_writable.js:390:139)
[error] 
[error] Error: An unexpected error has occurred.
[debug] [2025-08-18T03:18:50.269Z] Error: write EIO
    at afterWriteDispatched (node:internal/stream_base_commons:160:15)
    at writeGeneric (node:internal/stream_base_commons:151:3)
    at Socket._writeGeneric (node:net:962:11)
    at Socket._write (node:net:974:8)
    at writeOrBuffer (node:internal/streams/writable:392:12)
    at _write (node:internal/streams/writable:333:10)
    at Writable.write (node:internal/streams/writable:337:10)
    at Console.log (/Users/0xmumin/.nvm/versions/node/v18.20.5/lib/node_modules/firebase-tools/node_modules/winston/lib/winston/transports/console.js:87:23)
    at Console._write (/Users/0xmumin/.nvm/versions/node/v18.20.5/lib/node_modules/firebase-tools/node_modules/winston-transport/modern.js:103:17)
    at doWrite (/Users/0xmumin/.nvm/versions/node/v18.20.5/lib/node_modules/firebase-tools/node_modules/winston-transport/node_modules/readable-stream/lib/_stream_writable.js:390:139)
[error] 
[error] Error: An unexpected error has occurred.
[debug] [2025-08-18T03:18:50.269Z] Error: write EIO
    at afterWriteDispatched (node:internal/stream_base_commons:160:15)
    at writeGeneric (node:internal/stream_base_commons:151:3)
    at Socket._writeGeneric (node:net:962:11)
    at Socket._write (node:net:974:8)
    at writeOrBuffer (node:internal/streams/writable:392:12)
    at _write (node:internal/streams/writable:333:10)
    at Writable.write (node:internal/streams/writable:337:10)
    at Console.log (/Users/0xmumin/.nvm/versions/node/v18.20.5/lib/node_modules/firebase-tools/node_modules/winston/lib/winston/transports/console.js:87:23)
    at Console._write (/Users/0xmumin/.nvm/versions/node/v18.20.5/lib/node_modules/firebase-tools/node_modules/winston-transport/modern.js:103:17)
    at doWrite (/Users/0xmumin/.nvm/versions/node/v18.20.5/lib/node_modules/firebase-tools/node_modules/winston-transport/node_modules/readable-stream/lib/_stream_writable.js:390:139)
[error] 
[error] Error: An unexpected error has occurred.
[debug] [2025-08-18T03:18:50.269Z] Error: write EIO
    at afterWriteDispatched (node:internal/stream_base_commons:160:15)
    at writeGeneric (node:internal/stream_base_commons:151:3)
    at Socket._writeGeneric (node:net:962:11)
    at Socket._write (node:net:974:8)
    at writeOrBuffer (node:internal/streams/writable:392:12)
    at _write (node:internal/streams/writable:333:10)
    at Writable.write (node:internal/streams/writable:337:10)
    at Console.log (/Users/0xmumin/.nvm/versions/node/v18.20.5/lib/node_modules/firebase-tools/node_modules/winston/lib/winston/transports/console.js:87:23)
    at Console._write (/Users/0xmumin/.nvm/versions/node/v18.20.5/lib/node_modules/firebase-tools/node_modules/winston-transport/modern.js:103:17)
    at doWrite (/Users/0xmumin/.nvm/versions/node/v18.20.5/lib/node_modules/firebase-tools/node_modules/winston-transport/node_modules/readable-stream/lib/_stream_writable.js:390:139)
[error] 
[error] Error: An unexpected error has occurred.
[debug] [2025-08-18T03:18:50.269Z] Error: write EIO
    at afterWriteDispatched (node:internal/stream_base_commons:160:15)
    at writeGeneric (node:internal/stream_base_commons:151:3)
    at Socket._writeGeneric (node:net:962:11)
    at Socket._write (node:net:974:8)
    at writeOrBuffer (node:internal/streams/writable:392:12)
    at _write (node:internal/streams/writable:333:10)
    at Writable.write (node:internal/streams/writable:337:10)
    at Console.log (/Users/0xmumin/.nvm/versions/node/v18.20.5/lib/node_modules/firebase-tools/node_modules/winston/lib/winston/transports/console.js:87:23)
    at Console._write (/Users/0xmumin/.nvm/versions/node/v18.20.5/lib/node_modules/firebase-tools/node_modules/winston-transport/modern.js:103:17)
    at doWrite (/Users/0xmumin/.nvm/versions/node/v18.20.5/lib/node_modules/firebase-tools/node_modules/winston-transport/node_modules/readable-stream/lib/_stream_writable.js:390:139)
[error] 
[error] Error: An unexpected error has occurred.
[debug] [2025-08-18T03:18:50.269Z] Error: write EIO
    at afterWriteDispatched (node:internal/stream_base_commons:160:15)
    at writeGeneric (node:internal/stream_base_commons:151:3)
    at Socket._writeGeneric (node:net:962:11)
    at Socket._write (node:net:974:8)
    at writeOrBuffer (node:internal/streams/writable:392:12)
    at _write (node:internal/streams/writable:333:10)
    at Writable.write (node:internal/streams/writable:337:10)
    at Console.log (/Users/0xmumin/.nvm/versions/node/v18.20.5/lib/node_modules/firebase-tools/node_modules/winston/lib/winston/transports/console.js:87:23)
    at Console._write (/Users/0xmumin/.nvm/versions/node/v18.20.5/lib/node_modules/firebase-tools/node_modules/winston-transport/modern.js:103:17)
    at doWrite (/Users/0xmumin/.nvm/versions/node/v18.20.5/lib/node_modules/firebase-tools/node_modules/winston-transport/node_modules/readable-stream/lib/_stream_writable.js:390:139)
[error] 
[error] Error: An unexpected error has occurred.
[debug] [2025-08-18T03:18:50.269Z] Error: write EIO
    at afterWriteDispatched (node:internal/stream_base_commons:160:15)
    at writeGeneric (node:internal/stream_base_commons:151:3)
    at Socket._writeGeneric (node:net:962:11)
    at Socket._write (node:net:974:8)
    at writeOrBuffer (node:internal/streams/writable:392:12)
    at _write (node:internal/streams/writable:333:10)
    at Writable.write (node:internal/streams/writable:337:10)
    at Console.log (/Users/0xmumin/.nvm/versions/node/v18.20.5/lib/node_modules/firebase-tools/node_modules/winston/lib/winston/transports/console.js:87:23)
    at Console._write (/Users/0xmumin/.nvm/versions/node/v18.20.5/lib/node_modules/firebase-tools/node_modules/winston-transport/modern.js:103:17)
    at doWrite (/Users/0xmumin/.nvm/versions/node/v18.20.5/lib/node_modules/firebase-tools/node_modules/winston-transport/node_modules/readable-stream/lib/_stream_writable.js:390:139)
[error] 
[error] Error: An unexpected error has occurred.
[debug] [2025-08-18T03:18:50.269Z] Error: write EIO
    at afterWriteDispatched (node:internal/stream_base_commons:160:15)
    at writeGeneric (node:internal/stream_base_commons:151:3)
    at Socket._writeGeneric (node:net:962:11)
    at Socket._write (node:net:974:8)
    at writeOrBuffer (node:internal/streams/writable:392:12)
    at _write (node:internal/streams/writable:333:10)
    at Writable.write (node:internal/streams/writable:337:10)
    at Console.log (/Users/0xmumin/.nvm/versions/node/v18.20.5/lib/node_modules/firebase-tools/node_modules/winston/lib/winston/transports/console.js:87:23)
    at Console._write (/Users/0xmumin/.nvm/versions/node/v18.20.5/lib/node_modules/firebase-tools/node_modules/winston-transport/modern.js:103:17)
    at doWrite (/Users/0xmumin/.nvm/versions/node/v18.20.5/lib/node_modules/firebase-tools/node_modules/winston-transport/node_modules/readable-stream/lib/_stream_writable.js:390:139)
[error] 
[error] Error: An unexpected error has occurred.
[debug] [2025-08-18T03:18:50.269Z] Error: write EIO
    at afterWriteDispatched (node:internal/stream_base_commons:160:15)
    at writeGeneric (node:internal/stream_base_commons:151:3)
    at Socket._writeGeneric (node:net:962:11)
    at Socket._write (node:net:974:8)
    at writeOrBuffer (node:internal/streams/writable:392:12)
    at _write (node:internal/streams/writable:333:10)
    at Writable.write (node:internal/streams/writable:337:10)
    at Console.log (/Users/0xmumin/.nvm/versions/node/v18.20.5/lib/node_modules/firebase-tools/node_modules/winston/lib/winston/transports/console.js:87:23)
    at Console._write (/Users/0xmumin/.nvm/versions/node/v18.20.5/lib/node_modules/firebase-tools/node_modules/winston-transport/modern.js:103:17)
    at doWrite (/Users/0xmumin/.nvm/versions/node/v18.20.5/lib/node_modules/firebase-tools/node_modules/winston-transport/node_modules/readable-stream/lib/_stream_writable.js:390:139)
[error] 
[error] Error: An unexpected error has occurred.
[debug] [2025-08-18T03:18:50.269Z] Error: write EIO
    at afterWriteDispatched (node:internal/stream_base_commons:160:15)
    at writeGeneric (node:internal/stream_base_commons:151:3)
    at Socket._writeGeneric (node:net:962:11)
    at Socket._write (node:net:974:8)
    at writeOrBuffer (node:internal/streams/writable:392:12)
    at _write (node:internal/streams/writable:333:10)
    at Writable.write (node:internal/streams/writable:337:10)
    at Console.log (/Users/0xmumin/.nvm/versions/node/v18.20.5/lib/node_modules/firebase-tools/node_modules/winston/lib/winston/transports/console.js:87:23)
    at Console._write (/Users/0xmumin/.nvm/versions/node/v18.20.5/lib/node_modules/firebase-tools/node_modules/winston-transport/modern.js:103:17)
    at doWrite (/Users/0xmumin/.nvm/versions/node/v18.20.5/lib/node_modules/firebase-tools/node_modules/winston-transport/node_modules/readable-stream/lib/_stream_writable.js:390:139)
[error] 
[error] Error: An unexpected error has occurred.
[debug] [2025-08-18T03:18:50.269Z] Error: write EIO
    at afterWriteDispatched (node:internal/stream_base_commons:160:15)
    at writeGeneric (node:internal/stream_base_commons:151:3)
    at Socket._writeGeneric (node:net:962:11)
    at Socket._write (node:net:974:8)
    at writeOrBuffer (node:internal/streams/writable:392:12)
    at _write (node:internal/streams/writable:333:10)
    at Writable.write (node:internal/streams/writable:337:10)
    at Console.log (/Users/0xmumin/.nvm/versions/node/v18.20.5/lib/node_modules/firebase-tools/node_modules/winston/lib/winston/transports/console.js:87:23)
    at Console._write (/Users/0xmumin/.nvm/versions/node/v18.20.5/lib/node_modules/firebase-tools/node_modules/winston-transport/modern.js:103:17)
    at doWrite (/Users/0xmumin/.nvm/versions/node/v18.20.5/lib/node_modules/firebase-tools/node_modules/winston-transport/node_modules/readable-stream/lib/_stream_writable.js:390:139)
[error] 
[error] Error: An unexpected error has occurred.
[debug] [2025-08-18T03:18:50.271Z] Error: write EIO
    at afterWriteDispatched (node:internal/stream_base_commons:160:15)
    at writeGeneric (node:internal/stream_base_commons:151:3)
    at Socket._writeGeneric (node:net:962:11)
    at Socket._write (node:net:974:8)
    at writeOrBuffer (node:internal/streams/writable:392:12)
    at _write (node:internal/streams/writable:333:10)
    at Writable.write (node:internal/streams/writable:337:10)
    at Console.log (/Users/0xmumin/.nvm/versions/node/v18.20.5/lib/node_modules/firebase-tools/node_modules/winston/lib/winston/transports/console.js:87:23)
    at Console._write (/Users/0xmumin/.nvm/versions/node/v18.20.5/lib/node_modules/firebase-tools/node_modules/winston-transport/modern.js:103:17)
    at doWrite (/Users/0xmumin/.nvm/versions/node/v18.20.5/lib/node_modules/firebase-tools/node_modules/winston-transport/node_modules/readable-stream/lib/_stream_writable.js:390:139)
[error] 
[error] Error: An unexpected error has occurred.
[debug] [2025-08-18T03:18:50.271Z] Error: write EIO
    at afterWriteDispatched (node:internal/stream_base_commons:160:15)
    at writeGeneric (node:internal/stream_base_commons:151:3)
    at Socket._writeGeneric (node:net:962:11)
    at Socket._write (node:net:974:8)
    at writeOrBuffer (node:internal/streams/writable:392:12)
    at _write (node:internal/streams/writable:333:10)
    at Writable.write (node:internal/streams/writable:337:10)
    at Console.log (/Users/0xmumin/.nvm/versions/node/v18.20.5/lib/node_modules/firebase-tools/node_modules/winston/lib/winston/transports/console.js:87:23)
    at Console._write (/Users/0xmumin/.nvm/versions/node/v18.20.5/lib/node_modules/firebase-tools/node_modules/winston-transport/modern.js:103:17)
    at doWrite (/Users/0xmumin/.nvm/versions/node/v18.20.5/lib/node_modules/firebase-tools/node_modules/winston-transport/node_modules/readable-stream/lib/_stream_writable.js:390:139)
[error] 
[error] Error: An unexpected error has occurred.
[debug] [2025-08-18T03:18:50.271Z] Error: write EIO
    at afterWriteDispatched (node:internal/stream_base_commons:160:15)
    at writeGeneric (node:internal/stream_base_commons:151:3)
    at Socket._writeGeneric (node:net:962:11)
    at Socket._write (node:net:974:8)
    at writeOrBuffer (node:internal/streams/writable:392:12)
    at _write (node:internal/streams/writable:333:10)
    at Writable.write (node:internal/streams/writable:337:10)
    at Console.log (/Users/0xmumin/.nvm/versions/node/v18.20.5/lib/node_modules/firebase-tools/node_modules/winston/lib/winston/transports/console.js:87:23)
    at Console._write (/Users/0xmumin/.nvm/versions/node/v18.20.5/lib/node_modules/firebase-tools/node_modules/winston-transport/modern.js:103:17)
    at doWrite (/Users/0xmumin/.nvm/versions/node/v18.20.5/lib/node_modules/firebase-tools/node_modules/winston-transport/node_modules/readable-stream/lib/_stream_writable.js:390:139)
[error] 
[error] Error: An unexpected error has occurred.
[debug] [2025-08-18T03:18:50.271Z] Error: write EIO
    at afterWriteDispatched (node:internal/stream_base_commons:160:15)
    at writeGeneric (node:internal/stream_base_commons:151:3)
    at Socket._writeGeneric (node:net:962:11)
    at Socket._write (node:net:974:8)
    at writeOrBuffer (node:internal/streams/writable:392:12)
    at _write (node:internal/streams/writable:333:10)
    at Writable.write (node:internal/streams/writable:337:10)
    at Console.log (/Users/0xmumin/.nvm/versions/node/v18.20.5/lib/node_modules/firebase-tools/node_modules/winston/lib/winston/transports/console.js:87:23)
    at Console._write (/Users/0xmumin/.nvm/versions/node/v18.20.5/lib/node_modules/firebase-tools/node_modules/winston-transport/modern.js:103:17)
    at doWrite (/Users/0xmumin/.nvm/versions/node/v18.20.5/lib/node_modules/firebase-tools/node_modules/winston-transport/node_modules/readable-stream/lib/_stream_writable.js:390:139)
[error] 
[error] Error: An unexpected error has occurred.
[debug] [2025-08-18T03:18:50.271Z] Error: write EIO
    at afterWriteDispatched (node:internal/stream_base_commons:160:15)
    at writeGeneric (node:internal/stream_base_commons:151:3)
    at Socket._writeGeneric (node:net:962:11)
    at Socket._write (node:net:974:8)
    at writeOrBuffer (node:internal/streams/writable:392:12)
    at _write (node:internal/streams/writable:333:10)
    at Writable.write (node:internal/streams/writable:337:10)
    at Console.log (/Users/0xmumin/.nvm/versions/node/v18.20.5/lib/node_modules/firebase-tools/node_modules/winston/lib/winston/transports/console.js:87:23)
    at Console._write (/Users/0xmumin/.nvm/versions/node/v18.20.5/lib/node_modules/firebase-tools/node_modules/winston-transport/modern.js:103:17)
    at doWrite (/Users/0xmumin/.nvm/versions/node/v18.20.5/lib/node_modules/firebase-tools/node_modules/winston-transport/node_modules/readable-stream/lib/_stream_writable.js:390:139)
[error] 
[error] Error: An unexpected error has occurred.
[debug] [2025-08-18T03:18:50.272Z] Error: write EIO
    at afterWriteDispatched (node:internal/stream_base_commons:160:15)
    at writeGeneric (node:internal/stream_base_commons:151:3)
    at Socket._writeGeneric (node:net:962:11)
    at Socket._write (node:net:974:8)
    at writeOrBuffer (node:internal/streams/writable:392:12)
    at _write (node:internal/streams/writable:333:10)
    at Writable.write (node:internal/streams/writable:337:10)
    at Console.log (/Users/0xmumin/.nvm/versions/node/v18.20.5/lib/node_modules/firebase-tools/node_modules/winston/lib/winston/transports/console.js:87:23)
    at Console._write (/Users/0xmumin/.nvm/versions/node/v18.20.5/lib/node_modules/firebase-tools/node_modules/winston-transport/modern.js:103:17)
    at doWrite (/Users/0xmumin/.nvm/versions/node/v18.20.5/lib/node_modules/firebase-tools/node_modules/winston-transport/node_modules/readable-stream/lib/_stream_writable.js:390:139)
[error] 
[error] Error: An unexpected error has occurred.
[debug] [2025-08-18T03:18:50.272Z] Error: write EIO
    at afterWriteDispatched (node:internal/stream_base_commons:160:15)
    at writeGeneric (node:internal/stream_base_commons:151:3)
    at Socket._writeGeneric (node:net:962:11)
    at Socket._write (node:net:974:8)
    at writeOrBuffer (node:internal/streams/writable:392:12)
    at _write (node:internal/streams/writable:333:10)
    at Writable.write (node:internal/streams/writable:337:10)
    at Console.log (/Users/0xmumin/.nvm/versions/node/v18.20.5/lib/node_modules/firebase-tools/node_modules/winston/lib/winston/transports/console.js:87:23)
    at Console._write (/Users/0xmumin/.nvm/versions/node/v18.20.5/lib/node_modules/firebase-tools/node_modules/winston-transport/modern.js:103:17)
    at doWrite (/Users/0xmumin/.nvm/versions/node/v18.20.5/lib/node_modules/firebase-tools/node_modules/winston-transport/node_modules/readable-stream/lib/_stream_writable.js:390:139)
[error] 
[error] Error: An unexpected error has occurred.
[debug] [2025-08-18T03:18:50.272Z] Error: write EIO
    at afterWriteDispatched (node:internal/stream_base_commons:160:15)
    at writeGeneric (node:internal/stream_base_commons:151:3)
    at Socket._writeGeneric (node:net:962:11)
    at Socket._write (node:net:974:8)
    at writeOrBuffer (node:internal/streams/writable:392:12)
    at _write (node:internal/streams/writable:333:10)
    at Writable.write (node:internal/streams/writable:337:10)
    at Console.log (/Users/0xmumin/.nvm/versions/node/v18.20.5/lib/node_modules/firebase-tools/node_modules/winston/lib/winston/transports/console.js:87:23)
    at Console._write (/Users/0xmumin/.nvm/versions/node/v18.20.5/lib/node_modules/firebase-tools/node_modules/winston-transport/modern.js:103:17)
    at doWrite (/Users/0xmumin/.nvm/versions/node/v18.20.5/lib/node_modules/firebase-tools/node_modules/winston-transport/node_modules/readable-stream/lib/_stream_writable.js:390:139)
[error] 
[error] Error: An unexpected error has occurred.
[debug] [2025-08-18T03:18:50.272Z] Error: write EIO
    at afterWriteDispatched (node:internal/stream_base_commons:160:15)
    at writeGeneric (node:internal/stream_base_commons:151:3)
    at Socket._writeGeneric (node:net:962:11)
    at Socket._write (node:net:974:8)
    at writeOrBuffer (node:internal/streams/writable:392:12)
    at _write (node:internal/streams/writable:333:10)
    at Writable.write (node:internal/streams/writable:337:10)
    at Console.log (/Users/0xmumin/.nvm/versions/node/v18.20.5/lib/node_modules/firebase-tools/node_modules/winston/lib/winston/transports/console.js:87:23)
    at Console._write (/Users/0xmumin/.nvm/versions/node/v18.20.5/lib/node_modules/firebase-tools/node_modules/winston-transport/modern.js:103:17)
    at doWrite (/Users/0xmumin/.nvm/versions/node/v18.20.5/lib/node_modules/firebase-tools/node_modules/winston-transport/node_modules/readable-stream/lib/_stream_writable.js:390:139)
[error] 
[error] Error: An unexpected error has occurred.
[debug] [2025-08-18T03:18:50.273Z] Error: write EIO
    at afterWriteDispatched (node:internal/stream_base_commons:160:15)
    at writeGeneric (node:internal/stream_base_commons:151:3)
    at Socket._writeGeneric (node:net:962:11)
    at Socket._write (node:net:974:8)
    at writeOrBuffer (node:internal/streams/writable:392:12)
    at _write (node:internal/streams/writable:333:10)
    at Writable.write (node:internal/streams/writable:337:10)
    at Console.log (/Users/0xmumin/.nvm/versions/node/v18.20.5/lib/node_modules/firebase-tools/node_modules/winston/lib/winston/transports/console.js:87:23)
    at Console._write (/Users/0xmumin/.nvm/versions/node/v18.20.5/lib/node_modules/firebase-tools/node_modules/winston-transport/modern.js:103:17)
    at doWrite (/Users/0xmumin/.nvm/versions/node/v18.20.5/lib/node_modules/firebase-tools/node_modules/winston-transport/node_modules/readable-stream/lib/_stream_writable.js:390:139)
[error] 
[error] Error: An unexpected error has occurred.
[debug] [2025-08-18T03:18:50.273Z] Error: write EIO
    at afterWriteDispatched (node:internal/stream_base_commons:160:15)
    at writeGeneric (node:internal/stream_base_commons:151:3)
    at Socket._writeGeneric (node:net:962:11)
    at Socket._write (node:net:974:8)
    at writeOrBuffer (node:internal/streams/writable:392:12)
    at _write (node:internal/streams/writable:333:10)
    at Writable.write (node:internal/streams/writable:337:10)
    at Console.log (/Users/0xmumin/.nvm/versions/node/v18.20.5/lib/node_modules/firebase-tools/node_modules/winston/lib/winston/transports/console.js:87:23)
    at Console._write (/Users/0xmumin/.nvm/versions/node/v18.20.5/lib/node_modules/firebase-tools/node_modules/winston-transport/modern.js:103:17)
    at doWrite (/Users/0xmumin/.nvm/versions/node/v18.20.5/lib/node_modules/firebase-tools/node_modules/winston-transport/node_modules/readable-stream/lib/_stream_writable.js:390:139)
[error] 
[error] Error: An unexpected error has occurred.
[debug] [2025-08-18T03:18:50.274Z] Error: write EIO
    at afterWriteDispatched (node:internal/stream_base_commons:160:15)
    at writeGeneric (node:internal/stream_base_commons:151:3)
    at Socket._writeGeneric (node:net:962:11)
    at Socket._write (node:net:974:8)
    at writeOrBuffer (node:internal/streams/writable:392:12)
    at _write (node:internal/streams/writable:333:10)
    at Writable.write (node:internal/streams/writable:337:10)
    at Console.log (/Users/0xmumin/.nvm/versions/node/v18.20.5/lib/node_modules/firebase-tools/node_modules/winston/lib/winston/transports/console.js:87:23)
    at Console._write (/Users/0xmumin/.nvm/versions/node/v18.20.5/lib/node_modules/firebase-tools/node_modules/winston-transport/modern.js:103:17)
    at doWrite (/Users/0xmumin/.nvm/versions/node/v18.20.5/lib/node_modules/firebase-tools/node_modules/winston-transport/node_modules/readable-stream/lib/_stream_writable.js:390:139)
[error] 
[error] Error: An unexpected error has occurred.
[debug] [2025-08-18T03:18:50.274Z] Error: write EIO
    at afterWriteDispatched (node:internal/stream_base_commons:160:15)
    at writeGeneric (node:internal/stream_base_commons:151:3)
    at Socket._writeGeneric (node:net:962:11)
    at Socket._write (node:net:974:8)
    at writeOrBuffer (node:internal/streams/writable:392:12)
    at _write (node:internal/streams/writable:333:10)
    at Writable.write (node:internal/streams/writable:337:10)
    at Console.log (/Users/0xmumin/.nvm/versions/node/v18.20.5/lib/node_modules/firebase-tools/node_modules/winston/lib/winston/transports/console.js:87:23)
    at Console._write (/Users/0xmumin/.nvm/versions/node/v18.20.5/lib/node_modules/firebase-tools/node_modules/winston-transport/modern.js:103:17)
    at doWrite (/Users/0xmumin/.nvm/versions/node/v18.20.5/lib/node_modules/firebase-tools/node_modules/winston-transport/node_modules/readable-stream/lib/_stream_writable.js:390:139)
[error] 
[error] Error: An unexpected error has occurred.
[debug] [2025-08-18T03:18:50.274Z] Error: write EIO
    at afterWriteDispatched (node:internal/stream_base_commons:160:15)
    at writeGeneric (node:internal/stream_base_commons:151:3)
    at Socket._writeGeneric (node:net:962:11)
    at Socket._write (node:net:974:8)
    at writeOrBuffer (node:internal/streams/writable:392:12)
    at _write (node:internal/streams/writable:333:10)
    at Writable.write (node:internal/streams/writable:337:10)
    at Console.log (/Users/0xmumin/.nvm/versions/node/v18.20.5/lib/node_modules/firebase-tools/node_modules/winston/lib/winston/transports/console.js:87:23)
    at Console._write (/Users/0xmumin/.nvm/versions/node/v18.20.5/lib/node_modules/firebase-tools/node_modules/winston-transport/modern.js:103:17)
    at doWrite (/Users/0xmumin/.nvm/versions/node/v18.20.5/lib/node_modules/firebase-tools/node_modules/winston-transport/node_modules/readable-stream/lib/_stream_writable.js:390:139)
[error] 
[error] Error: An unexpected error has occurred.
[debug] [2025-08-18T03:18:50.274Z] Error: write EIO
    at afterWriteDispatched (node:internal/stream_base_commons:160:15)
    at writeGeneric (node:internal/stream_base_commons:151:3)
    at Socket._writeGeneric (node:net:962:11)
    at Socket._write (node:net:974:8)
    at writeOrBuffer (node:internal/streams/writable:392:12)
    at _write (node:internal/streams/writable:333:10)
    at Writable.write (node:internal/streams/writable:337:10)
    at Console.log (/Users/0xmumin/.nvm/versions/node/v18.20.5/lib/node_modules/firebase-tools/node_modules/winston/lib/winston/transports/console.js:87:23)
    at Console._write (/Users/0xmumin/.nvm/versions/node/v18.20.5/lib/node_modules/firebase-tools/node_modules/winston-transport/modern.js:103:17)
    at doWrite (/Users/0xmumin/.nvm/versions/node/v18.20.5/lib/node_modules/firebase-tools/node_modules/winston-transport/node_modules/readable-stream/lib/_stream_writable.js:390:139)
[error] 
[error] Error: An unexpected error has occurred.
[debug] [2025-08-18T03:18:50.274Z] Error: write EIO
    at afterWriteDispatched (node:internal/stream_base_commons:160:15)
    at writeGeneric (node:internal/stream_base_commons:151:3)
    at Socket._writeGeneric (node:net:962:11)
    at Socket._write (node:net:974:8)
    at writeOrBuffer (node:internal/streams/writable:392:12)
    at _write (node:internal/streams/writable:333:10)
    at Writable.write (node:internal/streams/writable:337:10)
    at Console.log (/Users/0xmumin/.nvm/versions/node/v18.20.5/lib/node_modules/firebase-tools/node_modules/winston/lib/winston/transports/console.js:87:23)
    at Console._write (/Users/0xmumin/.nvm/versions/node/v18.20.5/lib/node_modules/firebase-tools/node_modules/winston-transport/modern.js:103:17)
    at doWrite (/Users/0xmumin/.nvm/versions/node/v18.20.5/lib/node_modules/firebase-tools/node_modules/winston-transport/node_modules/readable-stream/lib/_stream_writable.js:390:139)
[error] 
[error] Error: An unexpected error has occurred.
[debug] [2025-08-18T03:18:50.274Z] Error: write EIO
    at afterWriteDispatched (node:internal/stream_base_commons:160:15)
    at writeGeneric (node:internal/stream_base_commons:151:3)
    at Socket._writeGeneric (node:net:962:11)
    at Socket._write (node:net:974:8)
    at writeOrBuffer (node:internal/streams/writable:392:12)
    at _write (node:internal/streams/writable:333:10)
    at Writable.write (node:internal/streams/writable:337:10)
    at Console.log (/Users/0xmumin/.nvm/versions/node/v18.20.5/lib/node_modules/firebase-tools/node_modules/winston/lib/winston/transports/console.js:87:23)
    at Console._write (/Users/0xmumin/.nvm/versions/node/v18.20.5/lib/node_modules/firebase-tools/node_modules/winston-transport/modern.js:103:17)
    at doWrite (/Users/0xmumin/.nvm/versions/node/v18.20.5/lib/node_modules/firebase-tools/node_modules/winston-transport/node_modules/readable-stream/lib/_stream_writable.js:390:139)
[error] 
[error] Error: An unexpected error has occurred.
[debug] [2025-08-18T03:18:50.275Z] Error: write EIO
    at afterWriteDispatched (node:internal/stream_base_commons:160:15)
    at writeGeneric (node:internal/stream_base_commons:151:3)
    at Socket._writeGeneric (node:net:962:11)
    at Socket._write (node:net:974:8)
    at writeOrBuffer (node:internal/streams/writable:392:12)
    at _write (node:internal/streams/writable:333:10)
    at Writable.write (node:internal/streams/writable:337:10)
    at Console.log (/Users/0xmumin/.nvm/versions/node/v18.20.5/lib/node_modules/firebase-tools/node_modules/winston/lib/winston/transports/console.js:87:23)
    at Console._write (/Users/0xmumin/.nvm/versions/node/v18.20.5/lib/node_modules/firebase-tools/node_modules/winston-transport/modern.js:103:17)
    at doWrite (/Users/0xmumin/.nvm/versions/node/v18.20.5/lib/node_modules/firebase-tools/node_modules/winston-transport/node_modules/readable-stream/lib/_stream_writable.js:390:139)
[error] 
[error] Error: An unexpected error has occurred.
[debug] [2025-08-18T03:18:50.275Z] Error: write EIO
    at afterWriteDispatched (node:internal/stream_base_commons:160:15)
    at writeGeneric (node:internal/stream_base_commons:151:3)
    at Socket._writeGeneric (node:net:962:11)
    at Socket._write (node:net:974:8)
    at writeOrBuffer (node:internal/streams/writable:392:12)
    at _write (node:internal/streams/writable:333:10)
    at Writable.write (node:internal/streams/writable:337:10)
    at Console.log (/Users/0xmumin/.nvm/versions/node/v18.20.5/lib/node_modules/firebase-tools/node_modules/winston/lib/winston/transports/console.js:87:23)
    at Console._write (/Users/0xmumin/.nvm/versions/node/v18.20.5/lib/node_modules/firebase-tools/node_modules/winston-transport/modern.js:103:17)
    at doWrite (/Users/0xmumin/.nvm/versions/node/v18.20.5/lib/node_modules/firebase-tools/node_modules/winston-transport/node_modules/readable-stream/lib/_stream_writable.js:390:139)
[error] 
[error] Error: An unexpected error has occurred.
[debug] [2025-08-18T03:18:50.275Z] Error: write EIO
    at afterWriteDispatched (node:internal/stream_base_commons:160:15)
    at writeGeneric (node:internal/stream_base_commons:151:3)
    at Socket._writeGeneric (node:net:962:11)
    at Socket._write (node:net:974:8)
    at writeOrBuffer (node:internal/streams/writable:392:12)
    at _write (node:internal/streams/writable:333:10)
    at Writable.write (node:internal/streams/writable:337:10)
    at Console.log (/Users/0xmumin/.nvm/versions/node/v18.20.5/lib/node_modules/firebase-tools/node_modules/winston/lib/winston/transports/console.js:87:23)
    at Console._write (/Users/0xmumin/.nvm/versions/node/v18.20.5/lib/node_modules/firebase-tools/node_modules/winston-transport/modern.js:103:17)
    at doWrite (/Users/0xmumin/.nvm/versions/node/v18.20.5/lib/node_modules/firebase-tools/node_modules/winston-transport/node_modules/readable-stream/lib/_stream_writable.js:390:139)
[error] 
[error] Error: An unexpected error has occurred.
[debug] [2025-08-18T03:18:50.276Z] Error: write EIO
    at afterWriteDispatched (node:internal/stream_base_commons:160:15)
    at writeGeneric (node:internal/stream_base_commons:151:3)
    at Socket._writeGeneric (node:net:962:11)
    at Socket._write (node:net:974:8)
    at writeOrBuffer (node:internal/streams/writable:392:12)
    at _write (node:internal/streams/writable:333:10)
    at Writable.write (node:internal/streams/writable:337:10)
    at Console.log (/Users/0xmumin/.nvm/versions/node/v18.20.5/lib/node_modules/firebase-tools/node_modules/winston/lib/winston/transports/console.js:87:23)
    at Console._write (/Users/0xmumin/.nvm/versions/node/v18.20.5/lib/node_modules/firebase-tools/node_modules/winston-transport/modern.js:103:17)
    at doWrite (/Users/0xmumin/.nvm/versions/node/v18.20.5/lib/node_modules/firebase-tools/node_modules/winston-transport/node_modules/readable-stream/lib/_stream_writable.js:390:139)
[error] 
[error] Error: An unexpected error has occurred.
[debug] [2025-08-18T03:18:50.276Z] Error: write EIO
    at afterWriteDispatched (node:internal/stream_base_commons:160:15)
    at writeGeneric (node:internal/stream_base_commons:151:3)
    at Socket._writeGeneric (node:net:962:11)
    at Socket._write (node:net:974:8)
    at writeOrBuffer (node:internal/streams/writable:392:12)
    at _write (node:internal/streams/writable:333:10)
    at Writable.write (node:internal/streams/writable:337:10)
    at Console.log (/Users/0xmumin/.nvm/versions/node/v18.20.5/lib/node_modules/firebase-tools/node_modules/winston/lib/winston/transports/console.js:87:23)
    at Console._write (/Users/0xmumin/.nvm/versions/node/v18.20.5/lib/node_modules/firebase-tools/node_modules/winston-transport/modern.js:103:17)
    at doWrite (/Users/0xmumin/.nvm/versions/node/v18.20.5/lib/node_modules/firebase-tools/node_modules/winston-transport/node_modules/readable-stream/lib/_stream_writable.js:390:139)
[error] 
[error] Error: An unexpected error has occurred.
[debug] [2025-08-18T03:18:50.276Z] Error: write EIO
    at afterWriteDispatched (node:internal/stream_base_commons:160:15)
    at writeGeneric (node:internal/stream_base_commons:151:3)
    at Socket._writeGeneric (node:net:962:11)
    at Socket._write (node:net:974:8)
    at writeOrBuffer (node:internal/streams/writable:392:12)
    at _write (node:internal/streams/writable:333:10)
    at Writable.write (node:internal/streams/writable:337:10)
    at Console.log (/Users/0xmumin/.nvm/versions/node/v18.20.5/lib/node_modules/firebase-tools/node_modules/winston/lib/winston/transports/console.js:87:23)
    at Console._write (/Users/0xmumin/.nvm/versions/node/v18.20.5/lib/node_modules/firebase-tools/node_modules/winston-transport/modern.js:103:17)
    at doWrite (/Users/0xmumin/.nvm/versions/node/v18.20.5/lib/node_modules/firebase-tools/node_modules/winston-transport/node_modules/readable-stream/lib/_stream_writable.js:390:139)
[error] 
[error] Error: An unexpected error has occurred.
[debug] [2025-08-18T03:18:50.277Z] Error: write EIO
    at afterWriteDispatched (node:internal/stream_base_commons:160:15)
    at writeGeneric (node:internal/stream_base_commons:151:3)
    at Socket._writeGeneric (node:net:962:11)
    at Socket._write (node:net:974:8)
    at writeOrBuffer (node:internal/streams/writable:392:12)
    at _write (node:internal/streams/writable:333:10)
    at Writable.write (node:internal/streams/writable:337:10)
    at Console.log (/Users/0xmumin/.nvm/versions/node/v18.20.5/lib/node_modules/firebase-tools/node_modules/winston/lib/winston/transports/console.js:87:23)
    at Console._write (/Users/0xmumin/.nvm/versions/node/v18.20.5/lib/node_modules/firebase-tools/node_modules/winston-transport/modern.js:103:17)
    at doWrite (/Users/0xmumin/.nvm/versions/node/v18.20.5/lib/node_modules/firebase-tools/node_modules/winston-transport/node_modules/readable-stream/lib/_stream_writable.js:390:139)
[error] 
[error] Error: An unexpected error has occurred.
[debug] [2025-08-18T03:18:50.277Z] Error: write EIO
    at afterWriteDispatched (node:internal/stream_base_commons:160:15)
    at writeGeneric (node:internal/stream_base_commons:151:3)
    at Socket._writeGeneric (node:net:962:11)
    at Socket._write (node:net:974:8)
    at writeOrBuffer (node:internal/streams/writable:392:12)
    at _write (node:internal/streams/writable:333:10)
    at Writable.write (node:internal/streams/writable:337:10)
    at Console.log (/Users/0xmumin/.nvm/versions/node/v18.20.5/lib/node_modules/firebase-tools/node_modules/winston/lib/winston/transports/console.js:87:23)
    at Console._write (/Users/0xmumin/.nvm/versions/node/v18.20.5/lib/node_modules/firebase-tools/node_modules/winston-transport/modern.js:103:17)
    at doWrite (/Users/0xmumin/.nvm/versions/node/v18.20.5/lib/node_modules/firebase-tools/node_modules/winston-transport/node_modules/readable-stream/lib/_stream_writable.js:390:139)
[error] 
[error] Error: An unexpected error has occurred.
[debug] [2025-08-18T03:18:50.277Z] Error: write EIO
    at afterWriteDispatched (node:internal/stream_base_commons:160:15)
    at writeGeneric (node:internal/stream_base_commons:151:3)
    at Socket._writeGeneric (node:net:962:11)
    at Socket._write (node:net:974:8)
    at writeOrBuffer (node:internal/streams/writable:392:12)
    at _write (node:internal/streams/writable:333:10)
    at Writable.write (node:internal/streams/writable:337:10)
    at Console.log (/Users/0xmumin/.nvm/versions/node/v18.20.5/lib/node_modules/firebase-tools/node_modules/winston/lib/winston/transports/console.js:87:23)
    at Console._write (/Users/0xmumin/.nvm/versions/node/v18.20.5/lib/node_modules/firebase-tools/node_modules/winston-transport/modern.js:103:17)
    at doWrite (/Users/0xmumin/.nvm/versions/node/v18.20.5/lib/node_modules/firebase-tools/node_modules/winston-transport/node_modules/readable-stream/lib/_stream_writable.js:390:139)
[error] 
[error] Error: An unexpected error has occurred.
[debug] [2025-08-18T03:18:50.277Z] Error: write EIO
    at afterWriteDispatched (node:internal/stream_base_commons:160:15)
    at writeGeneric (node:internal/stream_base_commons:151:3)
    at Socket._writeGeneric (node:net:962:11)
    at Socket._write (node:net:974:8)
    at writeOrBuffer (node:internal/streams/writable:392:12)
    at _write (node:internal/streams/writable:333:10)
    at Writable.write (node:internal/streams/writable:337:10)
    at Console.log (/Users/0xmumin/.nvm/versions/node/v18.20.5/lib/node_modules/firebase-tools/node_modules/winston/lib/winston/transports/console.js:87:23)
    at Console._write (/Users/0xmumin/.nvm/versions/node/v18.20.5/lib/node_modules/firebase-tools/node_modules/winston-transport/modern.js:103:17)
    at doWrite (/Users/0xmumin/.nvm/versions/node/v18.20.5/lib/node_modules/firebase-tools/node_modules/winston-transport/node_modules/readable-stream/lib/_stream_writable.js:390:139)
[error] 
[error] Error: An unexpected error has occurred.
[debug] [2025-08-18T03:18:50.277Z] Error: write EIO
    at afterWriteDispatched (node:internal/stream_base_commons:160:15)
    at writeGeneric (node:internal/stream_base_commons:151:3)
    at Socket._writeGeneric (node:net:962:11)
    at Socket._write (node:net:974:8)
    at writeOrBuffer (node:internal/streams/writable:392:12)
    at _write (node:internal/streams/writable:333:10)
    at Writable.write (node:internal/streams/writable:337:10)
    at Console.log (/Users/0xmumin/.nvm/versions/node/v18.20.5/lib/node_modules/firebase-tools/node_modules/winston/lib/winston/transports/console.js:87:23)
    at Console._write (/Users/0xmumin/.nvm/versions/node/v18.20.5/lib/node_modules/firebase-tools/node_modules/winston-transport/modern.js:103:17)
    at doWrite (/Users/0xmumin/.nvm/versions/node/v18.20.5/lib/node_modules/firebase-tools/node_modules/winston-transport/node_modules/readable-stream/lib/_stream_writable.js:390:139)
[error] 
[error] Error: An unexpected error has occurred.
[debug] [2025-08-18T03:18:50.277Z] Error: write EIO
    at afterWriteDispatched (node:internal/stream_base_commons:160:15)
    at writeGeneric (node:internal/stream_base_commons:151:3)
    at Socket._writeGeneric (node:net:962:11)
    at Socket._write (node:net:974:8)
    at writeOrBuffer (node:internal/streams/writable:392:12)
    at _write (node:internal/streams/writable:333:10)
    at Writable.write (node:internal/streams/writable:337:10)
    at Console.log (/Users/0xmumin/.nvm/versions/node/v18.20.5/lib/node_modules/firebase-tools/node_modules/winston/lib/winston/transports/console.js:87:23)
    at Console._write (/Users/0xmumin/.nvm/versions/node/v18.20.5/lib/node_modules/firebase-tools/node_modules/winston-transport/modern.js:103:17)
    at doWrite (/Users/0xmumin/.nvm/versions/node/v18.20.5/lib/node_modules/firebase-tools/node_modules/winston-transport/node_modules/readable-stream/lib/_stream_writable.js:390:139)
[error] 
[error] Error: An unexpected error has occurred.
[debug] [2025-08-18T03:18:50.277Z] Error: write EIO
    at afterWriteDispatched (node:internal/stream_base_commons:160:15)
    at writeGeneric (node:internal/stream_base_commons:151:3)
    at Socket._writeGeneric (node:net:962:11)
    at Socket._write (node:net:974:8)
    at writeOrBuffer (node:internal/streams/writable:392:12)
    at _write (node:internal/streams/writable:333:10)
    at Writable.write (node:internal/streams/writable:337:10)
    at Console.log (/Users/0xmumin/.nvm/versions/node/v18.20.5/lib/node_modules/firebase-tools/node_modules/winston/lib/winston/transports/console.js:87:23)
    at Console._write (/Users/0xmumin/.nvm/versions/node/v18.20.5/lib/node_modules/firebase-tools/node_modules/winston-transport/modern.js:103:17)
    at doWrite (/Users/0xmumin/.nvm/versions/node/v18.20.5/lib/node_modules/firebase-tools/node_modules/winston-transport/node_modules/readable-stream/lib/_stream_writable.js:390:139)
[error] 
[error] Error: An unexpected error has occurred.
[debug] [2025-08-18T03:18:50.277Z] Error: write EIO
    at afterWriteDispatched (node:internal/stream_base_commons:160:15)
    at writeGeneric (node:internal/stream_base_commons:151:3)
    at Socket._writeGeneric (node:net:962:11)
    at Socket._write (node:net:974:8)
    at writeOrBuffer (node:internal/streams/writable:392:12)
    at _write (node:internal/streams/writable:333:10)
    at Writable.write (node:internal/streams/writable:337:10)
    at Console.log (/Users/0xmumin/.nvm/versions/node/v18.20.5/lib/node_modules/firebase-tools/node_modules/winston/lib/winston/transports/console.js:87:23)
    at Console._write (/Users/0xmumin/.nvm/versions/node/v18.20.5/lib/node_modules/firebase-tools/node_modules/winston-transport/modern.js:103:17)
    at doWrite (/Users/0xmumin/.nvm/versions/node/v18.20.5/lib/node_modules/firebase-tools/node_modules/winston-transport/node_modules/readable-stream/lib/_stream_writable.js:390:139)
[error] 
[error] Error: An unexpected error has occurred.
[debug] [2025-08-18T03:18:50.277Z] Error: write EIO
    at afterWriteDispatched (node:internal/stream_base_commons:160:15)
    at writeGeneric (node:internal/stream_base_commons:151:3)
    at Socket._writeGeneric (node:net:962:11)
    at Socket._write (node:net:974:8)
    at writeOrBuffer (node:internal/streams/writable:392:12)
    at _write (node:internal/streams/writable:333:10)
    at Writable.write (node:internal/streams/writable:337:10)
    at Console.log (/Users/0xmumin/.nvm/versions/node/v18.20.5/lib/node_modules/firebase-tools/node_modules/winston/lib/winston/transports/console.js:87:23)
    at Console._write (/Users/0xmumin/.nvm/versions/node/v18.20.5/lib/node_modules/firebase-tools/node_modules/winston-transport/modern.js:103:17)
    at doWrite (/Users/0xmumin/.nvm/versions/node/v18.20.5/lib/node_modules/firebase-tools/node_modules/winston-transport/node_modules/readable-stream/lib/_stream_writable.js:390:139)
[error] 
[error] Error: An unexpected error has occurred.
[debug] [2025-08-18T03:18:50.277Z] Error: write EIO
    at afterWriteDispatched (node:internal/stream_base_commons:160:15)
    at writeGeneric (node:internal/stream_base_commons:151:3)
    at Socket._writeGeneric (node:net:962:11)
    at Socket._write (node:net:974:8)
    at writeOrBuffer (node:internal/streams/writable:392:12)
    at _write (node:internal/streams/writable:333:10)
    at Writable.write (node:internal/streams/writable:337:10)
    at Console.log (/Users/0xmumin/.nvm/versions/node/v18.20.5/lib/node_modules/firebase-tools/node_modules/winston/lib/winston/transports/console.js:87:23)
    at Console._write (/Users/0xmumin/.nvm/versions/node/v18.20.5/lib/node_modules/firebase-tools/node_modules/winston-transport/modern.js:103:17)
    at doWrite (/Users/0xmumin/.nvm/versions/node/v18.20.5/lib/node_modules/firebase-tools/node_modules/winston-transport/node_modules/readable-stream/lib/_stream_writable.js:390:139)
[error] 
[error] Error: An unexpected error has occurred.
[debug] [2025-08-18T03:18:50.277Z] Error: write EIO
    at afterWriteDispatched (node:internal/stream_base_commons:160:15)
    at writeGeneric (node:internal/stream_base_commons:151:3)
    at Socket._writeGeneric (node:net:962:11)
    at Socket._write (node:net:974:8)
    at writeOrBuffer (node:internal/streams/writable:392:12)
    at _write (node:internal/streams/writable:333:10)
    at Writable.write (node:internal/streams/writable:337:10)
    at Console.log (/Users/0xmumin/.nvm/versions/node/v18.20.5/lib/node_modules/firebase-tools/node_modules/winston/lib/winston/transports/console.js:87:23)
    at Console._write (/Users/0xmumin/.nvm/versions/node/v18.20.5/lib/node_modules/firebase-tools/node_modules/winston-transport/modern.js:103:17)
    at doWrite (/Users/0xmumin/.nvm/versions/node/v18.20.5/lib/node_modules/firebase-tools/node_modules/winston-transport/node_modules/readable-stream/lib/_stream_writable.js:390:139)
[error] 
[error] Error: An unexpected error has occurred.
[debug] [2025-08-18T03:18:50.281Z] Error: write EIO
    at afterWriteDispatched (node:internal/stream_base_commons:160:15)
    at writeGeneric (node:internal/stream_base_commons:151:3)
    at Socket._writeGeneric (node:net:962:11)
    at Socket._write (node:net:974:8)
    at writeOrBuffer (node:internal/streams/writable:392:12)
    at _write (node:internal/streams/writable:333:10)
    at Writable.write (node:internal/streams/writable:337:10)
    at Console.log (/Users/0xmumin/.nvm/versions/node/v18.20.5/lib/node_modules/firebase-tools/node_modules/winston/lib/winston/transports/console.js:87:23)
    at Console._write (/Users/0xmumin/.nvm/versions/node/v18.20.5/lib/node_modules/firebase-tools/node_modules/winston-transport/modern.js:103:17)
    at doWrite (/Users/0xmumin/.nvm/versions/node/v18.20.5/lib/node_modules/firebase-tools/node_modules/winston-transport/node_modules/readable-stream/lib/_stream_writable.js:390:139)
[error] 
[error] Error: An unexpected error has occurred.
[debug] [2025-08-18T03:18:50.281Z] Error: write EIO
    at afterWriteDispatched (node:internal/stream_base_commons:160:15)
    at writeGeneric (node:internal/stream_base_commons:151:3)
    at Socket._writeGeneric (node:net:962:11)
    at Socket._write (node:net:974:8)
    at writeOrBuffer (node:internal/streams/writable:392:12)
    at _write (node:internal/streams/writable:333:10)
    at Writable.write (node:internal/streams/writable:337:10)
    at Console.log (/Users/0xmumin/.nvm/versions/node/v18.20.5/lib/node_modules/firebase-tools/node_modules/winston/lib/winston/transports/console.js:87:23)
    at Console._write (/Users/0xmumin/.nvm/versions/node/v18.20.5/lib/node_modules/firebase-tools/node_modules/winston-transport/modern.js:103:17)
    at doWrite (/Users/0xmumin/.nvm/versions/node/v18.20.5/lib/node_modules/firebase-tools/node_modules/winston-transport/node_modules/readable-stream/lib/_stream_writable.js:390:139)
[error] 
[error] Error: An unexpected error has occurred.
[debug] [2025-08-18T03:18:50.282Z] Error: write EIO
    at afterWriteDispatched (node:internal/stream_base_commons:160:15)
    at writeGeneric (node:internal/stream_base_commons:151:3)
    at Socket._writeGeneric (node:net:962:11)
    at Socket._write (node:net:974:8)
    at writeOrBuffer (node:internal/streams/writable:392:12)
    at _write (node:internal/streams/writable:333:10)
    at Writable.write (node:internal/streams/writable:337:10)
    at Console.log (/Users/0xmumin/.nvm/versions/node/v18.20.5/lib/node_modules/firebase-tools/node_modules/winston/lib/winston/transports/console.js:87:23)
    at Console._write (/Users/0xmumin/.nvm/versions/node/v18.20.5/lib/node_modules/firebase-tools/node_modules/winston-transport/modern.js:103:17)
    at doWrite (/Users/0xmumin/.nvm/versions/node/v18.20.5/lib/node_modules/firebase-tools/node_modules/winston-transport/node_modules/readable-stream/lib/_stream_writable.js:390:139)
[error] 
[error] Error: An unexpected error has occurred.
[debug] [2025-08-18T03:18:50.282Z] Error: write EIO
    at afterWriteDispatched (node:internal/stream_base_commons:160:15)
    at writeGeneric (node:internal/stream_base_commons:151:3)
    at Socket._writeGeneric (node:net:962:11)
    at Socket._write (node:net:974:8)
    at writeOrBuffer (node:internal/streams/writable:392:12)
    at _write (node:internal/streams/writable:333:10)
    at Writable.write (node:internal/streams/writable:337:10)
    at Console.log (/Users/0xmumin/.nvm/versions/node/v18.20.5/lib/node_modules/firebase-tools/node_modules/winston/lib/winston/transports/console.js:87:23)
    at Console._write (/Users/0xmumin/.nvm/versions/node/v18.20.5/lib/node_modules/firebase-tools/node_modules/winston-transport/modern.js:103:17)
    at doWrite (/Users/0xmumin/.nvm/versions/node/v18.20.5/lib/node_modules/firebase-tools/node_modules/winston-transport/node_modules/readable-stream/lib/_stream_writable.js:390:139)
[error] 
[error] Error: An unexpected error has occurred.
[debug] [2025-08-18T03:18:50.282Z] Error: write EIO
    at afterWriteDispatched (node:internal/stream_base_commons:160:15)
    at writeGeneric (node:internal/stream_base_commons:151:3)
    at Socket._writeGeneric (node:net:962:11)
    at Socket._write (node:net:974:8)
    at writeOrBuffer (node:internal/streams/writable:392:12)
    at _write (node:internal/streams/writable:333:10)
    at Writable.write (node:internal/streams/writable:337:10)
    at Console.log (/Users/0xmumin/.nvm/versions/node/v18.20.5/lib/node_modules/firebase-tools/node_modules/winston/lib/winston/transports/console.js:87:23)
    at Console._write (/Users/0xmumin/.nvm/versions/node/v18.20.5/lib/node_modules/firebase-tools/node_modules/winston-transport/modern.js:103:17)
    at doWrite (/Users/0xmumin/.nvm/versions/node/v18.20.5/lib/node_modules/firebase-tools/node_modules/winston-transport/node_modules/readable-stream/lib/_stream_writable.js:390:139)
[error] 
[error] Error: An unexpected error has occurred.
[debug] [2025-08-18T03:18:50.282Z] Error: write EIO
    at afterWriteDispatched (node:internal/stream_base_commons:160:15)
    at writeGeneric (node:internal/stream_base_commons:151:3)
    at Socket._writeGeneric (node:net:962:11)
    at Socket._write (node:net:974:8)
    at writeOrBuffer (node:internal/streams/writable:392:12)
    at _write (node:internal/streams/writable:333:10)
    at Writable.write (node:internal/streams/writable:337:10)
    at Console.log (/Users/0xmumin/.nvm/versions/node/v18.20.5/lib/node_modules/firebase-tools/node_modules/winston/lib/winston/transports/console.js:87:23)
    at Console._write (/Users/0xmumin/.nvm/versions/node/v18.20.5/lib/node_modules/firebase-tools/node_modules/winston-transport/modern.js:103:17)
    at doWrite (/Users/0xmumin/.nvm/versions/node/v18.20.5/lib/node_modules/firebase-tools/node_modules/winston-transport/node_modules/readable-stream/lib/_stream_writable.js:390:139)
[error] 
[error] Error: An unexpected error has occurred.
[debug] [2025-08-18T03:18:50.282Z] Error: write EIO
    at afterWriteDispatched (node:internal/stream_base_commons:160:15)
    at writeGeneric (node:internal/stream_base_commons:151:3)
    at Socket._writeGeneric (node:net:962:11)
    at Socket._write (node:net:974:8)
    at writeOrBuffer (node:internal/streams/writable:392:12)
    at _write (node:internal/streams/writable:333:10)
    at Writable.write (node:internal/streams/writable:337:10)
    at Console.log (/Users/0xmumin/.nvm/versions/node/v18.20.5/lib/node_modules/firebase-tools/node_modules/winston/lib/winston/transports/console.js:87:23)
    at Console._write (/Users/0xmumin/.nvm/versions/node/v18.20.5/lib/node_modules/firebase-tools/node_modules/winston-transport/modern.js:103:17)
    at doWrite (/Users/0xmumin/.nvm/versions/node/v18.20.5/lib/node_modules/firebase-tools/node_modules/winston-transport/node_modules/readable-stream/lib/_stream_writable.js:390:139)
[error] 
[error] Error: An unexpected error has occurred.
[debug] [2025-08-18T03:18:50.282Z] Error: write EIO
    at afterWriteDispatched (node:internal/stream_base_commons:160:15)
    at writeGeneric (node:internal/stream_base_commons:151:3)
    at Socket._writeGeneric (node:net:962:11)
    at Socket._write (node:net:974:8)
    at writeOrBuffer (node:internal/streams/writable:392:12)
    at _write (node:internal/streams/writable:333:10)
    at Writable.write (node:internal/streams/writable:337:10)
    at Console.log (/Users/0xmumin/.nvm/versions/node/v18.20.5/lib/node_modules/firebase-tools/node_modules/winston/lib/winston/transports/console.js:87:23)
    at Console._write (/Users/0xmumin/.nvm/versions/node/v18.20.5/lib/node_modules/firebase-tools/node_modules/winston-transport/modern.js:103:17)
    at doWrite (/Users/0xmumin/.nvm/versions/node/v18.20.5/lib/node_modules/firebase-tools/node_modules/winston-transport/node_modules/readable-stream/lib/_stream_writable.js:390:139)
[error] 
[error] Error: An unexpected error has occurred.
[debug] [2025-08-18T03:18:50.282Z] Error: write EIO
    at afterWriteDispatched (node:internal/stream_base_commons:160:15)
    at writeGeneric (node:internal/stream_base_commons:151:3)
    at Socket._writeGeneric (node:net:962:11)
    at Socket._write (node:net:974:8)
    at writeOrBuffer (node:internal/streams/writable:392:12)
    at _write (node:internal/streams/writable:333:10)
    at Writable.write (node:internal/streams/writable:337:10)
    at Console.log (/Users/0xmumin/.nvm/versions/node/v18.20.5/lib/node_modules/firebase-tools/node_modules/winston/lib/winston/transports/console.js:87:23)
    at Console._write (/Users/0xmumin/.nvm/versions/node/v18.20.5/lib/node_modules/firebase-tools/node_modules/winston-transport/modern.js:103:17)
    at doWrite (/Users/0xmumin/.nvm/versions/node/v18.20.5/lib/node_modules/firebase-tools/node_modules/winston-transport/node_modules/readable-stream/lib/_stream_writable.js:390:139)
[error] 
[error] Error: An unexpected error has occurred.
[debug] [2025-08-18T03:18:50.282Z] Error: write EIO
    at afterWriteDispatched (node:internal/stream_base_commons:160:15)
    at writeGeneric (node:internal/stream_base_commons:151:3)
    at Socket._writeGeneric (node:net:962:11)
    at Socket._write (node:net:974:8)
    at writeOrBuffer (node:internal/streams/writable:392:12)
    at _write (node:internal/streams/writable:333:10)
    at Writable.write (node:internal/streams/writable:337:10)
    at Console.log (/Users/0xmumin/.nvm/versions/node/v18.20.5/lib/node_modules/firebase-tools/node_modules/winston/lib/winston/transports/console.js:87:23)
    at Console._write (/Users/0xmumin/.nvm/versions/node/v18.20.5/lib/node_modules/firebase-tools/node_modules/winston-transport/modern.js:103:17)
    at doWrite (/Users/0xmumin/.nvm/versions/node/v18.20.5/lib/node_modules/firebase-tools/node_modules/winston-transport/node_modules/readable-stream/lib/_stream_writable.js:390:139)
[error] 
[error] Error: An unexpected error has occurred.
[debug] [2025-08-18T03:18:50.282Z] Error: write EIO
    at afterWriteDispatched (node:internal/stream_base_commons:160:15)
    at writeGeneric (node:internal/stream_base_commons:151:3)
    at Socket._writeGeneric (node:net:962:11)
    at Socket._write (node:net:974:8)
    at writeOrBuffer (node:internal/streams/writable:392:12)
    at _write (node:internal/streams/writable:333:10)
    at Writable.write (node:internal/streams/writable:337:10)
    at Console.log (/Users/0xmumin/.nvm/versions/node/v18.20.5/lib/node_modules/firebase-tools/node_modules/winston/lib/winston/transports/console.js:87:23)
    at Console._write (/Users/0xmumin/.nvm/versions/node/v18.20.5/lib/node_modules/firebase-tools/node_modules/winston-transport/modern.js:103:17)
    at doWrite (/Users/0xmumin/.nvm/versions/node/v18.20.5/lib/node_modules/firebase-tools/node_modules/winston-transport/node_modules/readable-stream/lib/_stream_writable.js:390:139)
[error] 
[error] Error: An unexpected error has occurred.
[debug] [2025-08-18T03:18:50.283Z] Error: write EIO
    at afterWriteDispatched (node:internal/stream_base_commons:160:15)
    at writeGeneric (node:internal/stream_base_commons:151:3)
    at Socket._writeGeneric (node:net:962:11)
    at Socket._write (node:net:974:8)
    at writeOrBuffer (node:internal/streams/writable:392:12)
    at _write (node:internal/streams/writable:333:10)
    at Writable.write (node:internal/streams/writable:337:10)
    at Console.log (/Users/0xmumin/.nvm/versions/node/v18.20.5/lib/node_modules/firebase-tools/node_modules/winston/lib/winston/transports/console.js:87:23)
    at Console._write (/Users/0xmumin/.nvm/versions/node/v18.20.5/lib/node_modules/firebase-tools/node_modules/winston-transport/modern.js:103:17)
    at doWrite (/Users/0xmumin/.nvm/versions/node/v18.20.5/lib/node_modules/firebase-tools/node_modules/winston-transport/node_modules/readable-stream/lib/_stream_writable.js:390:139)
[error] 
[error] Error: An unexpected error has occurred.
[debug] [2025-08-18T03:18:50.283Z] Error: write EIO
    at afterWriteDispatched (node:internal/stream_base_commons:160:15)
    at writeGeneric (node:internal/stream_base_commons:151:3)
    at Socket._writeGeneric (node:net:962:11)
    at Socket._write (node:net:974:8)
    at writeOrBuffer (node:internal/streams/writable:392:12)
    at _write (node:internal/streams/writable:333:10)
    at Writable.write (node:internal/streams/writable:337:10)
    at Console.log (/Users/0xmumin/.nvm/versions/node/v18.20.5/lib/node_modules/firebase-tools/node_modules/winston/lib/winston/transports/console.js:87:23)
    at Console._write (/Users/0xmumin/.nvm/versions/node/v18.20.5/lib/node_modules/firebase-tools/node_modules/winston-transport/modern.js:103:17)
    at doWrite (/Users/0xmumin/.nvm/versions/node/v18.20.5/lib/node_modules/firebase-tools/node_modules/winston-transport/node_modules/readable-stream/lib/_stream_writable.js:390:139)
[error] 
[error] Error: An unexpected error has occurred.
[debug] [2025-08-18T03:18:50.283Z] Error: write EIO
    at afterWriteDispatched (node:internal/stream_base_commons:160:15)
    at writeGeneric (node:internal/stream_base_commons:151:3)
    at Socket._writeGeneric (node:net:962:11)
    at Socket._write (node:net:974:8)
    at writeOrBuffer (node:internal/streams/writable:392:12)
    at _write (node:internal/streams/writable:333:10)
    at Writable.write (node:internal/streams/writable:337:10)
    at Console.log (/Users/0xmumin/.nvm/versions/node/v18.20.5/lib/node_modules/firebase-tools/node_modules/winston/lib/winston/transports/console.js:87:23)
    at Console._write (/Users/0xmumin/.nvm/versions/node/v18.20.5/lib/node_modules/firebase-tools/node_modules/winston-transport/modern.js:103:17)
    at doWrite (/Users/0xmumin/.nvm/versions/node/v18.20.5/lib/node_modules/firebase-tools/node_modules/winston-transport/node_modules/readable-stream/lib/_stream_writable.js:390:139)
[error] 
[error] Error: An unexpected error has occurred.
[debug] [2025-08-18T03:18:50.283Z] Error: write EIO
    at afterWriteDispatched (node:internal/stream_base_commons:160:15)
    at writeGeneric (node:internal/stream_base_commons:151:3)
    at Socket._writeGeneric (node:net:962:11)
    at Socket._write (node:net:974:8)
    at writeOrBuffer (node:internal/streams/writable:392:12)
    at _write (node:internal/streams/writable:333:10)
    at Writable.write (node:internal/streams/writable:337:10)
    at Console.log (/Users/0xmumin/.nvm/versions/node/v18.20.5/lib/node_modules/firebase-tools/node_modules/winston/lib/winston/transports/console.js:87:23)
    at Console._write (/Users/0xmumin/.nvm/versions/node/v18.20.5/lib/node_modules/firebase-tools/node_modules/winston-transport/modern.js:103:17)
    at doWrite (/Users/0xmumin/.nvm/versions/node/v18.20.5/lib/node_modules/firebase-tools/node_modules/winston-transport/node_modules/readable-stream/lib/_stream_writable.js:390:139)
[error] 
[error] Error: An unexpected error has occurred.
[debug] [2025-08-18T03:18:50.283Z] Error: write EIO
    at afterWriteDispatched (node:internal/stream_base_commons:160:15)
    at writeGeneric (node:internal/stream_base_commons:151:3)
    at Socket._writeGeneric (node:net:962:11)
    at Socket._write (node:net:974:8)
    at writeOrBuffer (node:internal/streams/writable:392:12)
    at _write (node:internal/streams/writable:333:10)
    at Writable.write (node:internal/streams/writable:337:10)
    at Console.log (/Users/0xmumin/.nvm/versions/node/v18.20.5/lib/node_modules/firebase-tools/node_modules/winston/lib/winston/transports/console.js:87:23)
    at Console._write (/Users/0xmumin/.nvm/versions/node/v18.20.5/lib/node_modules/firebase-tools/node_modules/winston-transport/modern.js:103:17)
    at doWrite (/Users/0xmumin/.nvm/versions/node/v18.20.5/lib/node_modules/firebase-tools/node_modules/winston-transport/node_modules/readable-stream/lib/_stream_writable.js:390:139)
[error] 
[error] Error: An unexpected error has occurred.
[debug] [2025-08-18T03:18:50.283Z] Error: write EIO
    at afterWriteDispatched (node:internal/stream_base_commons:160:15)
    at writeGeneric (node:internal/stream_base_commons:151:3)
    at Socket._writeGeneric (node:net:962:11)
    at Socket._write (node:net:974:8)
    at writeOrBuffer (node:internal/streams/writable:392:12)
    at _write (node:internal/streams/writable:333:10)
    at Writable.write (node:internal/streams/writable:337:10)
    at Console.log (/Users/0xmumin/.nvm/versions/node/v18.20.5/lib/node_modules/firebase-tools/node_modules/winston/lib/winston/transports/console.js:87:23)
    at Console._write (/Users/0xmumin/.nvm/versions/node/v18.20.5/lib/node_modules/firebase-tools/node_modules/winston-transport/modern.js:103:17)
    at doWrite (/Users/0xmumin/.nvm/versions/node/v18.20.5/lib/node_modules/firebase-tools/node_modules/winston-transport/node_modules/readable-stream/lib/_stream_writable.js:390:139)
[error] 
[error] Error: An unexpected error has occurred.
[debug] [2025-08-18T03:18:50.283Z] Error: write EIO
    at afterWriteDispatched (node:internal/stream_base_commons:160:15)
    at writeGeneric (node:internal/stream_base_commons:151:3)
    at Socket._writeGeneric (node:net:962:11)
    at Socket._write (node:net:974:8)
    at writeOrBuffer (node:internal/streams/writable:392:12)
    at _write (node:internal/streams/writable:333:10)
    at Writable.write (node:internal/streams/writable:337:10)
    at Console.log (/Users/0xmumin/.nvm/versions/node/v18.20.5/lib/node_modules/firebase-tools/node_modules/winston/lib/winston/transports/console.js:87:23)
    at Console._write (/Users/0xmumin/.nvm/versions/node/v18.20.5/lib/node_modules/firebase-tools/node_modules/winston-transport/modern.js:103:17)
    at doWrite (/Users/0xmumin/.nvm/versions/node/v18.20.5/lib/node_modules/firebase-tools/node_modules/winston-transport/node_modules/readable-stream/lib/_stream_writable.js:390:139)
[error] 
[error] Error: An unexpected error has occurred.
[debug] [2025-08-18T03:18:50.283Z] Error: write EIO
    at afterWriteDispatched (node:internal/stream_base_commons:160:15)
    at writeGeneric (node:internal/stream_base_commons:151:3)
    at Socket._writeGeneric (node:net:962:11)
    at Socket._write (node:net:974:8)
    at writeOrBuffer (node:internal/streams/writable:392:12)
    at _write (node:internal/streams/writable:333:10)
    at Writable.write (node:internal/streams/writable:337:10)
    at Console.log (/Users/0xmumin/.nvm/versions/node/v18.20.5/lib/node_modules/firebase-tools/node_modules/winston/lib/winston/transports/console.js:87:23)
    at Console._write (/Users/0xmumin/.nvm/versions/node/v18.20.5/lib/node_modules/firebase-tools/node_modules/winston-transport/modern.js:103:17)
    at doWrite (/Users/0xmumin/.nvm/versions/node/v18.20.5/lib/node_modules/firebase-tools/node_modules/winston-transport/node_modules/readable-stream/lib/_stream_writable.js:390:139)
[error] 
[error] Error: An unexpected error has occurred.
[debug] [2025-08-18T03:18:50.283Z] Error: write EIO
    at afterWriteDispatched (node:internal/stream_base_commons:160:15)
    at writeGeneric (node:internal/stream_base_commons:151:3)
    at Socket._writeGeneric (node:net:962:11)
    at Socket._write (node:net:974:8)
    at writeOrBuffer (node:internal/streams/writable:392:12)
    at _write (node:internal/streams/writable:333:10)
    at Writable.write (node:internal/streams/writable:337:10)
    at Console.log (/Users/0xmumin/.nvm/versions/node/v18.20.5/lib/node_modules/firebase-tools/node_modules/winston/lib/winston/transports/console.js:87:23)
    at Console._write (/Users/0xmumin/.nvm/versions/node/v18.20.5/lib/node_modules/firebase-tools/node_modules/winston-transport/modern.js:103:17)
    at doWrite (/Users/0xmumin/.nvm/versions/node/v18.20.5/lib/node_modules/firebase-tools/node_modules/winston-transport/node_modules/readable-stream/lib/_stream_writable.js:390:139)
[error] 
[error] Error: An unexpected error has occurred.
[debug] [2025-08-18T03:18:50.283Z] Error: write EIO
    at afterWriteDispatched (node:internal/stream_base_commons:160:15)
    at writeGeneric (node:internal/stream_base_commons:151:3)
    at Socket._writeGeneric (node:net:962:11)
    at Socket._write (node:net:974:8)
    at writeOrBuffer (node:internal/streams/writable:392:12)
    at _write (node:internal/streams/writable:333:10)
    at Writable.write (node:internal/streams/writable:337:10)
    at Console.log (/Users/0xmumin/.nvm/versions/node/v18.20.5/lib/node_modules/firebase-tools/node_modules/winston/lib/winston/transports/console.js:87:23)
    at Console._write (/Users/0xmumin/.nvm/versions/node/v18.20.5/lib/node_modules/firebase-tools/node_modules/winston-transport/modern.js:103:17)
    at doWrite (/Users/0xmumin/.nvm/versions/node/v18.20.5/lib/node_modules/firebase-tools/node_modules/winston-transport/node_modules/readable-stream/lib/_stream_writable.js:390:139)
[error] 
[error] Error: An unexpected error has occurred.
[debug] [2025-08-18T03:18:50.283Z] Error: write EIO
    at afterWriteDispatched (node:internal/stream_base_commons:160:15)
    at writeGeneric (node:internal/stream_base_commons:151:3)
    at Socket._writeGeneric (node:net:962:11)
    at Socket._write (node:net:974:8)
    at writeOrBuffer (node:internal/streams/writable:392:12)
    at _write (node:internal/streams/writable:333:10)
    at Writable.write (node:internal/streams/writable:337:10)
    at Console.log (/Users/0xmumin/.nvm/versions/node/v18.20.5/lib/node_modules/firebase-tools/node_modules/winston/lib/winston/transports/console.js:87:23)
    at Console._write (/Users/0xmumin/.nvm/versions/node/v18.20.5/lib/node_modules/firebase-tools/node_modules/winston-transport/modern.js:103:17)
    at doWrite (/Users/0xmumin/.nvm/versions/node/v18.20.5/lib/node_modules/firebase-tools/node_modules/winston-transport/node_modules/readable-stream/lib/_stream_writable.js:390:139)
[error] 
[error] Error: An unexpected error has occurred.
[debug] [2025-08-18T03:18:50.284Z] Error: write EIO
    at afterWriteDispatched (node:internal/stream_base_commons:160:15)
    at writeGeneric (node:internal/stream_base_commons:151:3)
    at Socket._writeGeneric (node:net:962:11)
    at Socket._write (node:net:974:8)
    at writeOrBuffer (node:internal/streams/writable:392:12)
    at _write (node:internal/streams/writable:333:10)
    at Writable.write (node:internal/streams/writable:337:10)
    at Console.log (/Users/0xmumin/.nvm/versions/node/v18.20.5/lib/node_modules/firebase-tools/node_modules/winston/lib/winston/transports/console.js:87:23)
    at Console._write (/Users/0xmumin/.nvm/versions/node/v18.20.5/lib/node_modules/firebase-tools/node_modules/winston-transport/modern.js:103:17)
    at doWrite (/Users/0xmumin/.nvm/versions/node/v18.20.5/lib/node_modules/firebase-tools/node_modules/winston-transport/node_modules/readable-stream/lib/_stream_writable.js:390:139)
[error] 
[error] Error: An unexpected error has occurred.
[debug] [2025-08-18T03:18:50.284Z] Error: write EIO
    at afterWriteDispatched (node:internal/stream_base_commons:160:15)
    at writeGeneric (node:internal/stream_base_commons:151:3)
    at Socket._writeGeneric (node:net:962:11)
    at Socket._write (node:net:974:8)
    at writeOrBuffer (node:internal/streams/writable:392:12)
    at _write (node:internal/streams/writable:333:10)
    at Writable.write (node:internal/streams/writable:337:10)
    at Console.log (/Users/0xmumin/.nvm/versions/node/v18.20.5/lib/node_modules/firebase-tools/node_modules/winston/lib/winston/transports/console.js:87:23)
    at Console._write (/Users/0xmumin/.nvm/versions/node/v18.20.5/lib/node_modules/firebase-tools/node_modules/winston-transport/modern.js:103:17)
    at doWrite (/Users/0xmumin/.nvm/versions/node/v18.20.5/lib/node_modules/firebase-tools/node_modules/winston-transport/node_modules/readable-stream/lib/_stream_writable.js:390:139)
[error] 
[error] Error: An unexpected error has occurred.
[debug] [2025-08-18T03:18:50.284Z] Error: write EIO
    at afterWriteDispatched (node:internal/stream_base_commons:160:15)
    at writeGeneric (node:internal/stream_base_commons:151:3)
    at Socket._writeGeneric (node:net:962:11)
    at Socket._write (node:net:974:8)
    at writeOrBuffer (node:internal/streams/writable:392:12)
    at _write (node:internal/streams/writable:333:10)
    at Writable.write (node:internal/streams/writable:337:10)
    at Console.log (/Users/0xmumin/.nvm/versions/node/v18.20.5/lib/node_modules/firebase-tools/node_modules/winston/lib/winston/transports/console.js:87:23)
    at Console._write (/Users/0xmumin/.nvm/versions/node/v18.20.5/lib/node_modules/firebase-tools/node_modules/winston-transport/modern.js:103:17)
    at doWrite (/Users/0xmumin/.nvm/versions/node/v18.20.5/lib/node_modules/firebase-tools/node_modules/winston-transport/node_modules/readable-stream/lib/_stream_writable.js:390:139)
[error] 
[error] Error: An unexpected error has occurred.
[debug] [2025-08-18T03:18:50.284Z] Error: write EIO
    at afterWriteDispatched (node:internal/stream_base_commons:160:15)
    at writeGeneric (node:internal/stream_base_commons:151:3)
    at Socket._writeGeneric (node:net:962:11)
    at Socket._write (node:net:974:8)
    at writeOrBuffer (node:internal/streams/writable:392:12)
    at _write (node:internal/streams/writable:333:10)
    at Writable.write (node:internal/streams/writable:337:10)
    at Console.log (/Users/0xmumin/.nvm/versions/node/v18.20.5/lib/node_modules/firebase-tools/node_modules/winston/lib/winston/transports/console.js:87:23)
    at Console._write (/Users/0xmumin/.nvm/versions/node/v18.20.5/lib/node_modules/firebase-tools/node_modules/winston-transport/modern.js:103:17)
    at doWrite (/Users/0xmumin/.nvm/versions/node/v18.20.5/lib/node_modules/firebase-tools/node_modules/winston-transport/node_modules/readable-stream/lib/_stream_writable.js:390:139)
[error] 
[error] Error: An unexpected error has occurred.
[debug] [2025-08-18T03:18:50.284Z] Error: write EIO
    at afterWriteDispatched (node:internal/stream_base_commons:160:15)
    at writeGeneric (node:internal/stream_base_commons:151:3)
    at Socket._writeGeneric (node:net:962:11)
    at Socket._write (node:net:974:8)
    at writeOrBuffer (node:internal/streams/writable:392:12)
    at _write (node:internal/streams/writable:333:10)
    at Writable.write (node:internal/streams/writable:337:10)
    at Console.log (/Users/0xmumin/.nvm/versions/node/v18.20.5/lib/node_modules/firebase-tools/node_modules/winston/lib/winston/transports/console.js:87:23)
    at Console._write (/Users/0xmumin/.nvm/versions/node/v18.20.5/lib/node_modules/firebase-tools/node_modules/winston-transport/modern.js:103:17)
    at doWrite (/Users/0xmumin/.nvm/versions/node/v18.20.5/lib/node_modules/firebase-tools/node_modules/winston-transport/node_modules/readable-stream/lib/_stream_writable.js:390:139)
[error] 
[error] Error: An unexpected error has occurred.
[debug] [2025-08-18T03:18:50.284Z] Error: write EIO
    at afterWriteDispatched (node:internal/stream_base_commons:160:15)
    at writeGeneric (node:internal/stream_base_commons:151:3)
    at Socket._writeGeneric (node:net:962:11)
    at Socket._write (node:net:974:8)
    at writeOrBuffer (node:internal/streams/writable:392:12)
    at _write (node:internal/streams/writable:333:10)
    at Writable.write (node:internal/streams/writable:337:10)
    at Console.log (/Users/0xmumin/.nvm/versions/node/v18.20.5/lib/node_modules/firebase-tools/node_modules/winston/lib/winston/transports/console.js:87:23)
    at Console._write (/Users/0xmumin/.nvm/versions/node/v18.20.5/lib/node_modules/firebase-tools/node_modules/winston-transport/modern.js:103:17)
    at doWrite (/Users/0xmumin/.nvm/versions/node/v18.20.5/lib/node_modules/firebase-tools/node_modules/winston-transport/node_modules/readable-stream/lib/_stream_writable.js:390:139)
[error] 
[error] Error: An unexpected error has occurred.
[debug] [2025-08-18T03:18:50.284Z] Error: write EIO
    at afterWriteDispatched (node:internal/stream_base_commons:160:15)
    at writeGeneric (node:internal/stream_base_commons:151:3)
    at Socket._writeGeneric (node:net:962:11)
    at Socket._write (node:net:974:8)
    at writeOrBuffer (node:internal/streams/writable:392:12)
    at _write (node:internal/streams/writable:333:10)
    at Writable.write (node:internal/streams/writable:337:10)
    at Console.log (/Users/0xmumin/.nvm/versions/node/v18.20.5/lib/node_modules/firebase-tools/node_modules/winston/lib/winston/transports/console.js:87:23)
    at Console._write (/Users/0xmumin/.nvm/versions/node/v18.20.5/lib/node_modules/firebase-tools/node_modules/winston-transport/modern.js:103:17)
    at doWrite (/Users/0xmumin/.nvm/versions/node/v18.20.5/lib/node_modules/firebase-tools/node_modules/winston-transport/node_modules/readable-stream/lib/_stream_writable.js:390:139)
[error] 
[error] Error: An unexpected error has occurred.
[debug] [2025-08-18T03:18:50.284Z] Error: write EIO
    at afterWriteDispatched (node:internal/stream_base_commons:160:15)
    at writeGeneric (node:internal/stream_base_commons:151:3)
    at Socket._writeGeneric (node:net:962:11)
    at Socket._write (node:net:974:8)
    at writeOrBuffer (node:internal/streams/writable:392:12)
    at _write (node:internal/streams/writable:333:10)
    at Writable.write (node:internal/streams/writable:337:10)
    at Console.log (/Users/0xmumin/.nvm/versions/node/v18.20.5/lib/node_modules/firebase-tools/node_modules/winston/lib/winston/transports/console.js:87:23)
    at Console._write (/Users/0xmumin/.nvm/versions/node/v18.20.5/lib/node_modules/firebase-tools/node_modules/winston-transport/modern.js:103:17)
    at doWrite (/Users/0xmumin/.nvm/versions/node/v18.20.5/lib/node_modules/firebase-tools/node_modules/winston-transport/node_modules/readable-stream/lib/_stream_writable.js:390:139)
[error] 
[error] Error: An unexpected error has occurred.
[debug] [2025-08-18T03:18:50.284Z] Error: write EIO
    at afterWriteDispatched (node:internal/stream_base_commons:160:15)
    at writeGeneric (node:internal/stream_base_commons:151:3)
    at Socket._writeGeneric (node:net:962:11)
    at Socket._write (node:net:974:8)
    at writeOrBuffer (node:internal/streams/writable:392:12)
    at _write (node:internal/streams/writable:333:10)
    at Writable.write (node:internal/streams/writable:337:10)
    at Console.log (/Users/0xmumin/.nvm/versions/node/v18.20.5/lib/node_modules/firebase-tools/node_modules/winston/lib/winston/transports/console.js:87:23)
    at Console._write (/Users/0xmumin/.nvm/versions/node/v18.20.5/lib/node_modules/firebase-tools/node_modules/winston-transport/modern.js:103:17)
    at doWrite (/Users/0xmumin/.nvm/versions/node/v18.20.5/lib/node_modules/firebase-tools/node_modules/winston-transport/node_modules/readable-stream/lib/_stream_writable.js:390:139)
[error] 
[error] Error: An unexpected error has occurred.
[debug] [2025-08-18T03:18:50.284Z] Error: write EIO
    at afterWriteDispatched (node:internal/stream_base_commons:160:15)
    at writeGeneric (node:internal/stream_base_commons:151:3)
    at Socket._writeGeneric (node:net:962:11)
    at Socket._write (node:net:974:8)
    at writeOrBuffer (node:internal/streams/writable:392:12)
    at _write (node:internal/streams/writable:333:10)
    at Writable.write (node:internal/streams/writable:337:10)
    at Console.log (/Users/0xmumin/.nvm/versions/node/v18.20.5/lib/node_modules/firebase-tools/node_modules/winston/lib/winston/transports/console.js:87:23)
    at Console._write (/Users/0xmumin/.nvm/versions/node/v18.20.5/lib/node_modules/firebase-tools/node_modules/winston-transport/modern.js:103:17)
    at doWrite (/Users/0xmumin/.nvm/versions/node/v18.20.5/lib/node_modules/firebase-tools/node_modules/winston-transport/node_modules/readable-stream/lib/_stream_writable.js:390:139)
[error] 
[error] Error: An unexpected error has occurred.
[debug] [2025-08-18T03:18:50.284Z] Error: write EIO
    at afterWriteDispatched (node:internal/stream_base_commons:160:15)
    at writeGeneric (node:internal/stream_base_commons:151:3)
    at Socket._writeGeneric (node:net:962:11)
    at Socket._write (node:net:974:8)
    at writeOrBuffer (node:internal/streams/writable:392:12)
    at _write (node:internal/streams/writable:333:10)
    at Writable.write (node:internal/streams/writable:337:10)
    at Console.log (/Users/0xmumin/.nvm/versions/node/v18.20.5/lib/node_modules/firebase-tools/node_modules/winston/lib/winston/transports/console.js:87:23)
    at Console._write (/Users/0xmumin/.nvm/versions/node/v18.20.5/lib/node_modules/firebase-tools/node_modules/winston-transport/modern.js:103:17)
    at doWrite (/Users/0xmumin/.nvm/versions/node/v18.20.5/lib/node_modules/firebase-tools/node_modules/winston-transport/node_modules/readable-stream/lib/_stream_writable.js:390:139)
[error] 
[error] Error: An unexpected error has occurred.
[debug] [2025-08-18T03:18:50.284Z] Error: write EIO
    at afterWriteDispatched (node:internal/stream_base_commons:160:15)
    at writeGeneric (node:internal/stream_base_commons:151:3)
    at Socket._writeGeneric (node:net:962:11)
    at Socket._write (node:net:974:8)
    at writeOrBuffer (node:internal/streams/writable:392:12)
    at _write (node:internal/streams/writable:333:10)
    at Writable.write (node:internal/streams/writable:337:10)
    at Console.log (/Users/0xmumin/.nvm/versions/node/v18.20.5/lib/node_modules/firebase-tools/node_modules/winston/lib/winston/transports/console.js:87:23)
    at Console._write (/Users/0xmumin/.nvm/versions/node/v18.20.5/lib/node_modules/firebase-tools/node_modules/winston-transport/modern.js:103:17)
    at doWrite (/Users/0xmumin/.nvm/versions/node/v18.20.5/lib/node_modules/firebase-tools/node_modules/winston-transport/node_modules/readable-stream/lib/_stream_writable.js:390:139)
[error] 
[error] Error: An unexpected error has occurred.
[debug] [2025-08-18T03:18:50.285Z] Error: write EIO
    at afterWriteDispatched (node:internal/stream_base_commons:160:15)
    at writeGeneric (node:internal/stream_base_commons:151:3)
    at Socket._writeGeneric (node:net:962:11)
    at Socket._write (node:net:974:8)
    at writeOrBuffer (node:internal/streams/writable:392:12)
    at _write (node:internal/streams/writable:333:10)
    at Writable.write (node:internal/streams/writable:337:10)
    at Console.log (/Users/0xmumin/.nvm/versions/node/v18.20.5/lib/node_modules/firebase-tools/node_modules/winston/lib/winston/transports/console.js:87:23)
    at Console._write (/Users/0xmumin/.nvm/versions/node/v18.20.5/lib/node_modules/firebase-tools/node_modules/winston-transport/modern.js:103:17)
    at doWrite (/Users/0xmumin/.nvm/versions/node/v18.20.5/lib/node_modules/firebase-tools/node_modules/winston-transport/node_modules/readable-stream/lib/_stream_writable.js:390:139)
[error] 
[error] Error: An unexpected error has occurred.
[debug] [2025-08-18T03:18:50.285Z] Error: write EIO
    at afterWriteDispatched (node:internal/stream_base_commons:160:15)
    at writeGeneric (node:internal/stream_base_commons:151:3)
    at Socket._writeGeneric (node:net:962:11)
    at Socket._write (node:net:974:8)
    at writeOrBuffer (node:internal/streams/writable:392:12)
    at _write (node:internal/streams/writable:333:10)
    at Writable.write (node:internal/streams/writable:337:10)
    at Console.log (/Users/0xmumin/.nvm/versions/node/v18.20.5/lib/node_modules/firebase-tools/node_modules/winston/lib/winston/transports/console.js:87:23)
    at Console._write (/Users/0xmumin/.nvm/versions/node/v18.20.5/lib/node_modules/firebase-tools/node_modules/winston-transport/modern.js:103:17)
    at doWrite (/Users/0xmumin/.nvm/versions/node/v18.20.5/lib/node_modules/firebase-tools/node_modules/winston-transport/node_modules/readable-stream/lib/_stream_writable.js:390:139)
[error] 
[error] Error: An unexpected error has occurred.
[debug] [2025-08-18T03:18:50.285Z] Error: write EIO
    at afterWriteDispatched (node:internal/stream_base_commons:160:15)
    at writeGeneric (node:internal/stream_base_commons:151:3)
    at Socket._writeGeneric (node:net:962:11)
    at Socket._write (node:net:974:8)
    at writeOrBuffer (node:internal/streams/writable:392:12)
    at _write (node:internal/streams/writable:333:10)
    at Writable.write (node:internal/streams/writable:337:10)
    at Console.log (/Users/0xmumin/.nvm/versions/node/v18.20.5/lib/node_modules/firebase-tools/node_modules/winston/lib/winston/transports/console.js:87:23)
    at Console._write (/Users/0xmumin/.nvm/versions/node/v18.20.5/lib/node_modules/firebase-tools/node_modules/winston-transport/modern.js:103:17)
    at doWrite (/Users/0xmumin/.nvm/versions/node/v18.20.5/lib/node_modules/firebase-tools/node_modules/winston-transport/node_modules/readable-stream/lib/_stream_writable.js:390:139)
[error] 
[error] Error: An unexpected error has occurred.
[debug] [2025-08-18T03:18:50.285Z] Error: write EIO
    at afterWriteDispatched (node:internal/stream_base_commons:160:15)
    at writeGeneric (node:internal/stream_base_commons:151:3)
    at Socket._writeGeneric (node:net:962:11)
    at Socket._write (node:net:974:8)
    at writeOrBuffer (node:internal/streams/writable:392:12)
    at _write (node:internal/streams/writable:333:10)
    at Writable.write (node:internal/streams/writable:337:10)
    at Console.log (/Users/0xmumin/.nvm/versions/node/v18.20.5/lib/node_modules/firebase-tools/node_modules/winston/lib/winston/transports/console.js:87:23)
    at Console._write (/Users/0xmumin/.nvm/versions/node/v18.20.5/lib/node_modules/firebase-tools/node_modules/winston-transport/modern.js:103:17)
    at doWrite (/Users/0xmumin/.nvm/versions/node/v18.20.5/lib/node_modules/firebase-tools/node_modules/winston-transport/node_modules/readable-stream/lib/_stream_writable.js:390:139)
[error] 
[error] Error: An unexpected error has occurred.
[debug] [2025-08-18T03:18:50.285Z] Error: write EIO
    at afterWriteDispatched (node:internal/stream_base_commons:160:15)
    at writeGeneric (node:internal/stream_base_commons:151:3)
    at Socket._writeGeneric (node:net:962:11)
    at Socket._write (node:net:974:8)
    at writeOrBuffer (node:internal/streams/writable:392:12)
    at _write (node:internal/streams/writable:333:10)
    at Writable.write (node:internal/streams/writable:337:10)
    at Console.log (/Users/0xmumin/.nvm/versions/node/v18.20.5/lib/node_modules/firebase-tools/node_modules/winston/lib/winston/transports/console.js:87:23)
    at Console._write (/Users/0xmumin/.nvm/versions/node/v18.20.5/lib/node_modules/firebase-tools/node_modules/winston-transport/modern.js:103:17)
    at doWrite (/Users/0xmumin/.nvm/versions/node/v18.20.5/lib/node_modules/firebase-tools/node_modules/winston-transport/node_modules/readable-stream/lib/_stream_writable.js:390:139)
[error] 
[error] Error: An unexpected error has occurred.
[debug] [2025-08-18T03:18:50.285Z] Error: write EIO
    at afterWriteDispatched (node:internal/stream_base_commons:160:15)
    at writeGeneric (node:internal/stream_base_commons:151:3)
    at Socket._writeGeneric (node:net:962:11)
    at Socket._write (node:net:974:8)
    at writeOrBuffer (node:internal/streams/writable:392:12)
    at _write (node:internal/streams/writable:333:10)
    at Writable.write (node:internal/streams/writable:337:10)
    at Console.log (/Users/0xmumin/.nvm/versions/node/v18.20.5/lib/node_modules/firebase-tools/node_modules/winston/lib/winston/transports/console.js:87:23)
    at Console._write (/Users/0xmumin/.nvm/versions/node/v18.20.5/lib/node_modules/firebase-tools/node_modules/winston-transport/modern.js:103:17)
    at doWrite (/Users/0xmumin/.nvm/versions/node/v18.20.5/lib/node_modules/firebase-tools/node_modules/winston-transport/node_modules/readable-stream/lib/_stream_writable.js:390:139)
[error] 
[error] Error: An unexpected error has occurred.
[debug] [2025-08-18T03:18:50.285Z] Error: write EIO
    at afterWriteDispatched (node:internal/stream_base_commons:160:15)
    at writeGeneric (node:internal/stream_base_commons:151:3)
    at Socket._writeGeneric (node:net:962:11)
    at Socket._write (node:net:974:8)
    at writeOrBuffer (node:internal/streams/writable:392:12)
    at _write (node:internal/streams/writable:333:10)
    at Writable.write (node:internal/streams/writable:337:10)
    at Console.log (/Users/0xmumin/.nvm/versions/node/v18.20.5/lib/node_modules/firebase-tools/node_modules/winston/lib/winston/transports/console.js:87:23)
    at Console._write (/Users/0xmumin/.nvm/versions/node/v18.20.5/lib/node_modules/firebase-tools/node_modules/winston-transport/modern.js:103:17)
    at doWrite (/Users/0xmumin/.nvm/versions/node/v18.20.5/lib/node_modules/firebase-tools/node_modules/winston-transport/node_modules/readable-stream/lib/_stream_writable.js:390:139)
[error] 
[error] Error: An unexpected error has occurred.
[debug] [2025-08-18T03:18:50.285Z] Error: write EIO
    at afterWriteDispatched (node:internal/stream_base_commons:160:15)
    at writeGeneric (node:internal/stream_base_commons:151:3)
    at Socket._writeGeneric (node:net:962:11)
    at Socket._write (node:net:974:8)
    at writeOrBuffer (node:internal/streams/writable:392:12)
    at _write (node:internal/streams/writable:333:10)
    at Writable.write (node:internal/streams/writable:337:10)
    at Console.log (/Users/0xmumin/.nvm/versions/node/v18.20.5/lib/node_modules/firebase-tools/node_modules/winston/lib/winston/transports/console.js:87:23)
    at Console._write (/Users/0xmumin/.nvm/versions/node/v18.20.5/lib/node_modules/firebase-tools/node_modules/winston-transport/modern.js:103:17)
    at doWrite (/Users/0xmumin/.nvm/versions/node/v18.20.5/lib/node_modules/firebase-tools/node_modules/winston-transport/node_modules/readable-stream/lib/_stream_writable.js:390:139)
[error] 
[error] Error: An unexpected error has occurred.
[debug] [2025-08-18T03:18:50.285Z] Error: write EIO
    at afterWriteDispatched (node:internal/stream_base_commons:160:15)
    at writeGeneric (node:internal/stream_base_commons:151:3)
    at Socket._writeGeneric (node:net:962:11)
    at Socket._write (node:net:974:8)
    at writeOrBuffer (node:internal/streams/writable:392:12)
    at _write (node:internal/streams/writable:333:10)
    at Writable.write (node:internal/streams/writable:337:10)
    at Console.log (/Users/0xmumin/.nvm/versions/node/v18.20.5/lib/node_modules/firebase-tools/node_modules/winston/lib/winston/transports/console.js:87:23)
    at Console._write (/Users/0xmumin/.nvm/versions/node/v18.20.5/lib/node_modules/firebase-tools/node_modules/winston-transport/modern.js:103:17)
    at doWrite (/Users/0xmumin/.nvm/versions/node/v18.20.5/lib/node_modules/firebase-tools/node_modules/winston-transport/node_modules/readable-stream/lib/_stream_writable.js:390:139)
[error] 
[error] Error: An unexpected error has occurred.
[debug] [2025-08-18T03:18:50.286Z] Error: write EIO
    at afterWriteDispatched (node:internal/stream_base_commons:160:15)
    at writeGeneric (node:internal/stream_base_commons:151:3)
    at Socket._writeGeneric (node:net:962:11)
    at Socket._write (node:net:974:8)
    at writeOrBuffer (node:internal/streams/writable:392:12)
    at _write (node:internal/streams/writable:333:10)
    at Writable.write (node:internal/streams/writable:337:10)
    at Console.log (/Users/0xmumin/.nvm/versions/node/v18.20.5/lib/node_modules/firebase-tools/node_modules/winston/lib/winston/transports/console.js:87:23)
    at Console._write (/Users/0xmumin/.nvm/versions/node/v18.20.5/lib/node_modules/firebase-tools/node_modules/winston-transport/modern.js:103:17)
    at doWrite (/Users/0xmumin/.nvm/versions/node/v18.20.5/lib/node_modules/firebase-tools/node_modules/winston-transport/node_modules/readable-stream/lib/_stream_writable.js:390:139)
[error] 
[error] Error: An unexpected error has occurred.
[debug] [2025-08-18T03:18:50.286Z] Error: write EIO
    at afterWriteDispatched (node:internal/stream_base_commons:160:15)
    at writeGeneric (node:internal/stream_base_commons:151:3)
    at Socket._writeGeneric (node:net:962:11)
    at Socket._write (node:net:974:8)
    at writeOrBuffer (node:internal/streams/writable:392:12)
    at _write (node:internal/streams/writable:333:10)
    at Writable.write (node:internal/streams/writable:337:10)
    at Console.log (/Users/0xmumin/.nvm/versions/node/v18.20.5/lib/node_modules/firebase-tools/node_modules/winston/lib/winston/transports/console.js:87:23)
    at Console._write (/Users/0xmumin/.nvm/versions/node/v18.20.5/lib/node_modules/firebase-tools/node_modules/winston-transport/modern.js:103:17)
    at doWrite (/Users/0xmumin/.nvm/versions/node/v18.20.5/lib/node_modules/firebase-tools/node_modules/winston-transport/node_modules/readable-stream/lib/_stream_writable.js:390:139)
[error] 
[error] Error: An unexpected error has occurred.
[debug] [2025-08-18T03:18:50.286Z] Error: write EIO
    at afterWriteDispatched (node:internal/stream_base_commons:160:15)
    at writeGeneric (node:internal/stream_base_commons:151:3)
    at Socket._writeGeneric (node:net:962:11)
    at Socket._write (node:net:974:8)
    at writeOrBuffer (node:internal/streams/writable:392:12)
    at _write (node:internal/streams/writable:333:10)
    at Writable.write (node:internal/streams/writable:337:10)
    at Console.log (/Users/0xmumin/.nvm/versions/node/v18.20.5/lib/node_modules/firebase-tools/node_modules/winston/lib/winston/transports/console.js:87:23)
    at Console._write (/Users/0xmumin/.nvm/versions/node/v18.20.5/lib/node_modules/firebase-tools/node_modules/winston-transport/modern.js:103:17)
    at doWrite (/Users/0xmumin/.nvm/versions/node/v18.20.5/lib/node_modules/firebase-tools/node_modules/winston-transport/node_modules/readable-stream/lib/_stream_writable.js:390:139)
[error] 
[error] Error: An unexpected error has occurred.
[debug] [2025-08-18T03:18:50.286Z] Error: write EIO
    at afterWriteDispatched (node:internal/stream_base_commons:160:15)
    at writeGeneric (node:internal/stream_base_commons:151:3)
    at Socket._writeGeneric (node:net:962:11)
    at Socket._write (node:net:974:8)
    at writeOrBuffer (node:internal/streams/writable:392:12)
    at _write (node:internal/streams/writable:333:10)
    at Writable.write (node:internal/streams/writable:337:10)
    at Console.log (/Users/0xmumin/.nvm/versions/node/v18.20.5/lib/node_modules/firebase-tools/node_modules/winston/lib/winston/transports/console.js:87:23)
    at Console._write (/Users/0xmumin/.nvm/versions/node/v18.20.5/lib/node_modules/firebase-tools/node_modules/winston-transport/modern.js:103:17)
    at doWrite (/Users/0xmumin/.nvm/versions/node/v18.20.5/lib/node_modules/firebase-tools/node_modules/winston-transport/node_modules/readable-stream/lib/_stream_writable.js:390:139)
[error] 
[error] Error: An unexpected error has occurred.
[debug] [2025-08-18T03:18:50.286Z] Error: write EIO
    at afterWriteDispatched (node:internal/stream_base_commons:160:15)
    at writeGeneric (node:internal/stream_base_commons:151:3)
    at Socket._writeGeneric (node:net:962:11)
    at Socket._write (node:net:974:8)
    at writeOrBuffer (node:internal/streams/writable:392:12)
    at _write (node:internal/streams/writable:333:10)
    at Writable.write (node:internal/streams/writable:337:10)
    at Console.log (/Users/0xmumin/.nvm/versions/node/v18.20.5/lib/node_modules/firebase-tools/node_modules/winston/lib/winston/transports/console.js:87:23)
    at Console._write (/Users/0xmumin/.nvm/versions/node/v18.20.5/lib/node_modules/firebase-tools/node_modules/winston-transport/modern.js:103:17)
    at doWrite (/Users/0xmumin/.nvm/versions/node/v18.20.5/lib/node_modules/firebase-tools/node_modules/winston-transport/node_modules/readable-stream/lib/_stream_writable.js:390:139)
[error] 
[error] Error: An unexpected error has occurred.
[debug] [2025-08-18T03:18:50.286Z] Error: write EIO
    at afterWriteDispatched (node:internal/stream_base_commons:160:15)
    at writeGeneric (node:internal/stream_base_commons:151:3)
    at Socket._writeGeneric (node:net:962:11)
    at Socket._write (node:net:974:8)
    at writeOrBuffer (node:internal/streams/writable:392:12)
    at _write (node:internal/streams/writable:333:10)
    at Writable.write (node:internal/streams/writable:337:10)
    at Console.log (/Users/0xmumin/.nvm/versions/node/v18.20.5/lib/node_modules/firebase-tools/node_modules/winston/lib/winston/transports/console.js:87:23)
    at Console._write (/Users/0xmumin/.nvm/versions/node/v18.20.5/lib/node_modules/firebase-tools/node_modules/winston-transport/modern.js:103:17)
    at doWrite (/Users/0xmumin/.nvm/versions/node/v18.20.5/lib/node_modules/firebase-tools/node_modules/winston-transport/node_modules/readable-stream/lib/_stream_writable.js:390:139)
[error] 
[error] Error: An unexpected error has occurred.
[debug] [2025-08-18T03:18:50.286Z] Error: write EIO
    at afterWriteDispatched (node:internal/stream_base_commons:160:15)
    at writeGeneric (node:internal/stream_base_commons:151:3)
    at Socket._writeGeneric (node:net:962:11)
    at Socket._write (node:net:974:8)
    at writeOrBuffer (node:internal/streams/writable:392:12)
    at _write (node:internal/streams/writable:333:10)
    at Writable.write (node:internal/streams/writable:337:10)
    at Console.log (/Users/0xmumin/.nvm/versions/node/v18.20.5/lib/node_modules/firebase-tools/node_modules/winston/lib/winston/transports/console.js:87:23)
    at Console._write (/Users/0xmumin/.nvm/versions/node/v18.20.5/lib/node_modules/firebase-tools/node_modules/winston-transport/modern.js:103:17)
    at doWrite (/Users/0xmumin/.nvm/versions/node/v18.20.5/lib/node_modules/firebase-tools/node_modules/winston-transport/node_modules/readable-stream/lib/_stream_writable.js:390:139)
[error] 
[error] Error: An unexpected error has occurred.
[debug] [2025-08-18T03:18:50.286Z] Error: write EIO
    at afterWriteDispatched (node:internal/stream_base_commons:160:15)
    at writeGeneric (node:internal/stream_base_commons:151:3)
    at Socket._writeGeneric (node:net:962:11)
    at Socket._write (node:net:974:8)
    at writeOrBuffer (node:internal/streams/writable:392:12)
    at _write (node:internal/streams/writable:333:10)
    at Writable.write (node:internal/streams/writable:337:10)
    at Console.log (/Users/0xmumin/.nvm/versions/node/v18.20.5/lib/node_modules/firebase-tools/node_modules/winston/lib/winston/transports/console.js:87:23)
    at Console._write (/Users/0xmumin/.nvm/versions/node/v18.20.5/lib/node_modules/firebase-tools/node_modules/winston-transport/modern.js:103:17)
    at doWrite (/Users/0xmumin/.nvm/versions/node/v18.20.5/lib/node_modules/firebase-tools/node_modules/winston-transport/node_modules/readable-stream/lib/_stream_writable.js:390:139)
[error] 
[error] Error: An unexpected error has occurred.
[debug] [2025-08-18T03:18:50.286Z] Error: write EIO
    at afterWriteDispatched (node:internal/stream_base_commons:160:15)
    at writeGeneric (node:internal/stream_base_commons:151:3)
    at Socket._writeGeneric (node:net:962:11)
    at Socket._write (node:net:974:8)
    at writeOrBuffer (node:internal/streams/writable:392:12)
    at _write (node:internal/streams/writable:333:10)
    at Writable.write (node:internal/streams/writable:337:10)
    at Console.log (/Users/0xmumin/.nvm/versions/node/v18.20.5/lib/node_modules/firebase-tools/node_modules/winston/lib/winston/transports/console.js:87:23)
    at Console._write (/Users/0xmumin/.nvm/versions/node/v18.20.5/lib/node_modules/firebase-tools/node_modules/winston-transport/modern.js:103:17)
    at doWrite (/Users/0xmumin/.nvm/versions/node/v18.20.5/lib/node_modules/firebase-tools/node_modules/winston-transport/node_modules/readable-stream/lib/_stream_writable.js:390:139)
[error] 
[error] Error: An unexpected error has occurred.
[debug] [2025-08-18T03:18:50.286Z] Error: write EIO
    at afterWriteDispatched (node:internal/stream_base_commons:160:15)
    at writeGeneric (node:internal/stream_base_commons:151:3)
    at Socket._writeGeneric (node:net:962:11)
    at Socket._write (node:net:974:8)
    at writeOrBuffer (node:internal/streams/writable:392:12)
    at _write (node:internal/streams/writable:333:10)
    at Writable.write (node:internal/streams/writable:337:10)
    at Console.log (/Users/0xmumin/.nvm/versions/node/v18.20.5/lib/node_modules/firebase-tools/node_modules/winston/lib/winston/transports/console.js:87:23)
    at Console._write (/Users/0xmumin/.nvm/versions/node/v18.20.5/lib/node_modules/firebase-tools/node_modules/winston-transport/modern.js:103:17)
    at doWrite (/Users/0xmumin/.nvm/versions/node/v18.20.5/lib/node_modules/firebase-tools/node_modules/winston-transport/node_modules/readable-stream/lib/_stream_writable.js:390:139)
[error] 
[error] Error: An unexpected error has occurred.
[debug] [2025-08-18T03:18:50.287Z] Error: write EIO
    at afterWriteDispatched (node:internal/stream_base_commons:160:15)
    at writeGeneric (node:internal/stream_base_commons:151:3)
    at Socket._writeGeneric (node:net:962:11)
    at Socket._write (node:net:974:8)
    at writeOrBuffer (node:internal/streams/writable:392:12)
    at _write (node:internal/streams/writable:333:10)
    at Writable.write (node:internal/streams/writable:337:10)
    at Console.log (/Users/0xmumin/.nvm/versions/node/v18.20.5/lib/node_modules/firebase-tools/node_modules/winston/lib/winston/transports/console.js:87:23)
    at Console._write (/Users/0xmumin/.nvm/versions/node/v18.20.5/lib/node_modules/firebase-tools/node_modules/winston-transport/modern.js:103:17)
    at doWrite (/Users/0xmumin/.nvm/versions/node/v18.20.5/lib/node_modules/firebase-tools/node_modules/winston-transport/node_modules/readable-stream/lib/_stream_writable.js:390:139)
[error] 
[error] Error: An unexpected error has occurred.
[debug] [2025-08-18T03:18:50.287Z] Error: write EIO
    at afterWriteDispatched (node:internal/stream_base_commons:160:15)
    at writeGeneric (node:internal/stream_base_commons:151:3)
    at Socket._writeGeneric (node:net:962:11)
    at Socket._write (node:net:974:8)
    at writeOrBuffer (node:internal/streams/writable:392:12)
    at _write (node:internal/streams/writable:333:10)
    at Writable.write (node:internal/streams/writable:337:10)
    at Console.log (/Users/0xmumin/.nvm/versions/node/v18.20.5/lib/node_modules/firebase-tools/node_modules/winston/lib/winston/transports/console.js:87:23)
    at Console._write (/Users/0xmumin/.nvm/versions/node/v18.20.5/lib/node_modules/firebase-tools/node_modules/winston-transport/modern.js:103:17)
    at doWrite (/Users/0xmumin/.nvm/versions/node/v18.20.5/lib/node_modules/firebase-tools/node_modules/winston-transport/node_modules/readable-stream/lib/_stream_writable.js:390:139)
[error] 
[error] Error: An unexpected error has occurred.
[debug] [2025-08-18T03:18:50.287Z] Error: write EIO
    at afterWriteDispatched (node:internal/stream_base_commons:160:15)
    at writeGeneric (node:internal/stream_base_commons:151:3)
    at Socket._writeGeneric (node:net:962:11)
    at Socket._write (node:net:974:8)
    at writeOrBuffer (node:internal/streams/writable:392:12)
    at _write (node:internal/streams/writable:333:10)
    at Writable.write (node:internal/streams/writable:337:10)
    at Console.log (/Users/0xmumin/.nvm/versions/node/v18.20.5/lib/node_modules/firebase-tools/node_modules/winston/lib/winston/transports/console.js:87:23)
    at Console._write (/Users/0xmumin/.nvm/versions/node/v18.20.5/lib/node_modules/firebase-tools/node_modules/winston-transport/modern.js:103:17)
    at doWrite (/Users/0xmumin/.nvm/versions/node/v18.20.5/lib/node_modules/firebase-tools/node_modules/winston-transport/node_modules/readable-stream/lib/_stream_writable.js:390:139)
[error] 
[error] Error: An unexpected error has occurred.
[debug] [2025-08-18T03:18:50.287Z] Error: write EIO
    at afterWriteDispatched (node:internal/stream_base_commons:160:15)
    at writeGeneric (node:internal/stream_base_commons:151:3)
    at Socket._writeGeneric (node:net:962:11)
    at Socket._write (node:net:974:8)
    at writeOrBuffer (node:internal/streams/writable:392:12)
    at _write (node:internal/streams/writable:333:10)
    at Writable.write (node:internal/streams/writable:337:10)
    at Console.log (/Users/0xmumin/.nvm/versions/node/v18.20.5/lib/node_modules/firebase-tools/node_modules/winston/lib/winston/transports/console.js:87:23)
    at Console._write (/Users/0xmumin/.nvm/versions/node/v18.20.5/lib/node_modules/firebase-tools/node_modules/winston-transport/modern.js:103:17)
    at doWrite (/Users/0xmumin/.nvm/versions/node/v18.20.5/lib/node_modules/firebase-tools/node_modules/winston-transport/node_modules/readable-stream/lib/_stream_writable.js:390:139)
[error] 
[error] Error: An unexpected error has occurred.
[debug] [2025-08-18T03:18:50.287Z] Error: write EIO
    at afterWriteDispatched (node:internal/stream_base_commons:160:15)
    at writeGeneric (node:internal/stream_base_commons:151:3)
    at Socket._writeGeneric (node:net:962:11)
    at Socket._write (node:net:974:8)
    at writeOrBuffer (node:internal/streams/writable:392:12)
    at _write (node:internal/streams/writable:333:10)
    at Writable.write (node:internal/streams/writable:337:10)
    at Console.log (/Users/0xmumin/.nvm/versions/node/v18.20.5/lib/node_modules/firebase-tools/node_modules/winston/lib/winston/transports/console.js:87:23)
    at Console._write (/Users/0xmumin/.nvm/versions/node/v18.20.5/lib/node_modules/firebase-tools/node_modules/winston-transport/modern.js:103:17)
    at doWrite (/Users/0xmumin/.nvm/versions/node/v18.20.5/lib/node_modules/firebase-tools/node_modules/winston-transport/node_modules/readable-stream/lib/_stream_writable.js:390:139)
[error] 
[error] Error: An unexpected error has occurred.
[debug] [2025-08-18T03:18:50.287Z] Error: write EIO
    at afterWriteDispatched (node:internal/stream_base_commons:160:15)
    at writeGeneric (node:internal/stream_base_commons:151:3)
    at Socket._writeGeneric (node:net:962:11)
    at Socket._write (node:net:974:8)
    at writeOrBuffer (node:internal/streams/writable:392:12)
    at _write (node:internal/streams/writable:333:10)
    at Writable.write (node:internal/streams/writable:337:10)
    at Console.log (/Users/0xmumin/.nvm/versions/node/v18.20.5/lib/node_modules/firebase-tools/node_modules/winston/lib/winston/transports/console.js:87:23)
    at Console._write (/Users/0xmumin/.nvm/versions/node/v18.20.5/lib/node_modules/firebase-tools/node_modules/winston-transport/modern.js:103:17)
    at doWrite (/Users/0xmumin/.nvm/versions/node/v18.20.5/lib/node_modules/firebase-tools/node_modules/winston-transport/node_modules/readable-stream/lib/_stream_writable.js:390:139)
[error] 
[error] Error: An unexpected error has occurred.
[debug] [2025-08-18T03:18:50.287Z] Error: write EIO
    at afterWriteDispatched (node:internal/stream_base_commons:160:15)
    at writeGeneric (node:internal/stream_base_commons:151:3)
    at Socket._writeGeneric (node:net:962:11)
    at Socket._write (node:net:974:8)
    at writeOrBuffer (node:internal/streams/writable:392:12)
    at _write (node:internal/streams/writable:333:10)
    at Writable.write (node:internal/streams/writable:337:10)
    at Console.log (/Users/0xmumin/.nvm/versions/node/v18.20.5/lib/node_modules/firebase-tools/node_modules/winston/lib/winston/transports/console.js:87:23)
    at Console._write (/Users/0xmumin/.nvm/versions/node/v18.20.5/lib/node_modules/firebase-tools/node_modules/winston-transport/modern.js:103:17)
    at doWrite (/Users/0xmumin/.nvm/versions/node/v18.20.5/lib/node_modules/firebase-tools/node_modules/winston-transport/node_modules/readable-stream/lib/_stream_writable.js:390:139)
[error] 
[error] Error: An unexpected error has occurred.
[debug] [2025-08-18T03:18:50.288Z] Error: write EIO
    at afterWriteDispatched (node:internal/stream_base_commons:160:15)
    at writeGeneric (node:internal/stream_base_commons:151:3)
    at Socket._writeGeneric (node:net:962:11)
    at Socket._write (node:net:974:8)
    at writeOrBuffer (node:internal/streams/writable:392:12)
    at _write (node:internal/streams/writable:333:10)
    at Writable.write (node:internal/streams/writable:337:10)
    at Console.log (/Users/0xmumin/.nvm/versions/node/v18.20.5/lib/node_modules/firebase-tools/node_modules/winston/lib/winston/transports/console.js:87:23)
    at Console._write (/Users/0xmumin/.nvm/versions/node/v18.20.5/lib/node_modules/firebase-tools/node_modules/winston-transport/modern.js:103:17)
    at doWrite (/Users/0xmumin/.nvm/versions/node/v18.20.5/lib/node_modules/firebase-tools/node_modules/winston-transport/node_modules/readable-stream/lib/_stream_writable.js:390:139)
[error] 
[error] Error: An unexpected error has occurred.
[debug] [2025-08-18T03:18:50.288Z] Error: write EIO
    at afterWriteDispatched (node:internal/stream_base_commons:160:15)
    at writeGeneric (node:internal/stream_base_commons:151:3)
    at Socket._writeGeneric (node:net:962:11)
    at Socket._write (node:net:974:8)
    at writeOrBuffer (node:internal/streams/writable:392:12)
    at _write (node:internal/streams/writable:333:10)
    at Writable.write (node:internal/streams/writable:337:10)
    at Console.log (/Users/0xmumin/.nvm/versions/node/v18.20.5/lib/node_modules/firebase-tools/node_modules/winston/lib/winston/transports/console.js:87:23)
    at Console._write (/Users/0xmumin/.nvm/versions/node/v18.20.5/lib/node_modules/firebase-tools/node_modules/winston-transport/modern.js:103:17)
    at doWrite (/Users/0xmumin/.nvm/versions/node/v18.20.5/lib/node_modules/firebase-tools/node_modules/winston-transport/node_modules/readable-stream/lib/_stream_writable.js:390:139)
[error] 
[error] Error: An unexpected error has occurred.
[debug] [2025-08-18T03:18:50.288Z] Error: write EIO
    at afterWriteDispatched (node:internal/stream_base_commons:160:15)
    at writeGeneric (node:internal/stream_base_commons:151:3)
    at Socket._writeGeneric (node:net:962:11)
    at Socket._write (node:net:974:8)
    at writeOrBuffer (node:internal/streams/writable:392:12)
    at _write (node:internal/streams/writable:333:10)
    at Writable.write (node:internal/streams/writable:337:10)
    at Console.log (/Users/0xmumin/.nvm/versions/node/v18.20.5/lib/node_modules/firebase-tools/node_modules/winston/lib/winston/transports/console.js:87:23)
    at Console._write (/Users/0xmumin/.nvm/versions/node/v18.20.5/lib/node_modules/firebase-tools/node_modules/winston-transport/modern.js:103:17)
    at doWrite (/Users/0xmumin/.nvm/versions/node/v18.20.5/lib/node_modules/firebase-tools/node_modules/winston-transport/node_modules/readable-stream/lib/_stream_writable.js:390:139)
[error] 
[error] Error: An unexpected error has occurred.
[debug] [2025-08-18T03:18:50.288Z] Error: write EIO
    at afterWriteDispatched (node:internal/stream_base_commons:160:15)
    at writeGeneric (node:internal/stream_base_commons:151:3)
    at Socket._writeGeneric (node:net:962:11)
    at Socket._write (node:net:974:8)
    at writeOrBuffer (node:internal/streams/writable:392:12)
    at _write (node:internal/streams/writable:333:10)
    at Writable.write (node:internal/streams/writable:337:10)
    at Console.log (/Users/0xmumin/.nvm/versions/node/v18.20.5/lib/node_modules/firebase-tools/node_modules/winston/lib/winston/transports/console.js:87:23)
    at Console._write (/Users/0xmumin/.nvm/versions/node/v18.20.5/lib/node_modules/firebase-tools/node_modules/winston-transport/modern.js:103:17)
    at doWrite (/Users/0xmumin/.nvm/versions/node/v18.20.5/lib/node_modules/firebase-tools/node_modules/winston-transport/node_modules/readable-stream/lib/_stream_writable.js:390:139)
[error] 
[error] Error: An unexpected error has occurred.
[debug] [2025-08-18T03:18:50.288Z] Error: write EIO
    at afterWriteDispatched (node:internal/stream_base_commons:160:15)
    at writeGeneric (node:internal/stream_base_commons:151:3)
    at Socket._writeGeneric (node:net:962:11)
    at Socket._write (node:net:974:8)
    at writeOrBuffer (node:internal/streams/writable:392:12)
    at _write (node:internal/streams/writable:333:10)
    at Writable.write (node:internal/streams/writable:337:10)
    at Console.log (/Users/0xmumin/.nvm/versions/node/v18.20.5/lib/node_modules/firebase-tools/node_modules/winston/lib/winston/transports/console.js:87:23)
    at Console._write (/Users/0xmumin/.nvm/versions/node/v18.20.5/lib/node_modules/firebase-tools/node_modules/winston-transport/modern.js:103:17)
    at doWrite (/Users/0xmumin/.nvm/versions/node/v18.20.5/lib/node_modules/firebase-tools/node_modules/winston-transport/node_modules/readable-stream/lib/_stream_writable.js:390:139)
[error] 
[error] Error: An unexpected error has occurred.
[debug] [2025-08-18T03:18:50.288Z] Error: write EIO
    at afterWriteDispatched (node:internal/stream_base_commons:160:15)
    at writeGeneric (node:internal/stream_base_commons:151:3)
    at Socket._writeGeneric (node:net:962:11)
    at Socket._write (node:net:974:8)
    at writeOrBuffer (node:internal/streams/writable:392:12)
    at _write (node:internal/streams/writable:333:10)
    at Writable.write (node:internal/streams/writable:337:10)
    at Console.log (/Users/0xmumin/.nvm/versions/node/v18.20.5/lib/node_modules/firebase-tools/node_modules/winston/lib/winston/transports/console.js:87:23)
    at Console._write (/Users/0xmumin/.nvm/versions/node/v18.20.5/lib/node_modules/firebase-tools/node_modules/winston-transport/modern.js:103:17)
    at doWrite (/Users/0xmumin/.nvm/versions/node/v18.20.5/lib/node_modules/firebase-tools/node_modules/winston-transport/node_modules/readable-stream/lib/_stream_writable.js:390:139)
[error] 
[error] Error: An unexpected error has occurred.
[debug] [2025-08-18T03:18:50.289Z] Error: write EIO
    at afterWriteDispatched (node:internal/stream_base_commons:160:15)
    at writeGeneric (node:internal/stream_base_commons:151:3)
    at Socket._writeGeneric (node:net:962:11)
    at Socket._write (node:net:974:8)
    at writeOrBuffer (node:internal/streams/writable:392:12)
    at _write (node:internal/streams/writable:333:10)
    at Writable.write (node:internal/streams/writable:337:10)
    at Console.log (/Users/0xmumin/.nvm/versions/node/v18.20.5/lib/node_modules/firebase-tools/node_modules/winston/lib/winston/transports/console.js:87:23)
    at Console._write (/Users/0xmumin/.nvm/versions/node/v18.20.5/lib/node_modules/firebase-tools/node_modules/winston-transport/modern.js:103:17)
    at doWrite (/Users/0xmumin/.nvm/versions/node/v18.20.5/lib/node_modules/firebase-tools/node_modules/winston-transport/node_modules/readable-stream/lib/_stream_writable.js:390:139)
[error] 
[error] Error: An unexpected error has occurred.
[debug] [2025-08-18T03:18:50.289Z] Error: write EIO
    at afterWriteDispatched (node:internal/stream_base_commons:160:15)
    at writeGeneric (node:internal/stream_base_commons:151:3)
    at Socket._writeGeneric (node:net:962:11)
    at Socket._write (node:net:974:8)
    at writeOrBuffer (node:internal/streams/writable:392:12)
    at _write (node:internal/streams/writable:333:10)
    at Writable.write (node:internal/streams/writable:337:10)
    at Console.log (/Users/0xmumin/.nvm/versions/node/v18.20.5/lib/node_modules/firebase-tools/node_modules/winston/lib/winston/transports/console.js:87:23)
    at Console._write (/Users/0xmumin/.nvm/versions/node/v18.20.5/lib/node_modules/firebase-tools/node_modules/winston-transport/modern.js:103:17)
    at doWrite (/Users/0xmumin/.nvm/versions/node/v18.20.5/lib/node_modules/firebase-tools/node_modules/winston-transport/node_modules/readable-stream/lib/_stream_writable.js:390:139)
[error] 
[error] Error: An unexpected error has occurred.
[debug] [2025-08-18T03:18:50.289Z] Error: write EIO
    at afterWriteDispatched (node:internal/stream_base_commons:160:15)
    at writeGeneric (node:internal/stream_base_commons:151:3)
    at Socket._writeGeneric (node:net:962:11)
    at Socket._write (node:net:974:8)
    at writeOrBuffer (node:internal/streams/writable:392:12)
    at _write (node:internal/streams/writable:333:10)
    at Writable.write (node:internal/streams/writable:337:10)
    at Console.log (/Users/0xmumin/.nvm/versions/node/v18.20.5/lib/node_modules/firebase-tools/node_modules/winston/lib/winston/transports/console.js:87:23)
    at Console._write (/Users/0xmumin/.nvm/versions/node/v18.20.5/lib/node_modules/firebase-tools/node_modules/winston-transport/modern.js:103:17)
    at doWrite (/Users/0xmumin/.nvm/versions/node/v18.20.5/lib/node_modules/firebase-tools/node_modules/winston-transport/node_modules/readable-stream/lib/_stream_writable.js:390:139)
[error] 
[error] Error: An unexpected error has occurred.
[debug] [2025-08-18T03:18:50.289Z] Error: write EIO
    at afterWriteDispatched (node:internal/stream_base_commons:160:15)
    at writeGeneric (node:internal/stream_base_commons:151:3)
    at Socket._writeGeneric (node:net:962:11)
    at Socket._write (node:net:974:8)
    at writeOrBuffer (node:internal/streams/writable:392:12)
    at _write (node:internal/streams/writable:333:10)
    at Writable.write (node:internal/streams/writable:337:10)
    at Console.log (/Users/0xmumin/.nvm/versions/node/v18.20.5/lib/node_modules/firebase-tools/node_modules/winston/lib/winston/transports/console.js:87:23)
    at Console._write (/Users/0xmumin/.nvm/versions/node/v18.20.5/lib/node_modules/firebase-tools/node_modules/winston-transport/modern.js:103:17)
    at doWrite (/Users/0xmumin/.nvm/versions/node/v18.20.5/lib/node_modules/firebase-tools/node_modules/winston-transport/node_modules/readable-stream/lib/_stream_writable.js:390:139)
[error] 
[error] Error: An unexpected error has occurred.
[debug] [2025-08-18T03:18:50.289Z] Error: write EIO
    at afterWriteDispatched (node:internal/stream_base_commons:160:15)
    at writeGeneric (node:internal/stream_base_commons:151:3)
    at Socket._writeGeneric (node:net:962:11)
    at Socket._write (node:net:974:8)
    at writeOrBuffer (node:internal/streams/writable:392:12)
    at _write (node:internal/streams/writable:333:10)
    at Writable.write (node:internal/streams/writable:337:10)
    at Console.log (/Users/0xmumin/.nvm/versions/node/v18.20.5/lib/node_modules/firebase-tools/node_modules/winston/lib/winston/transports/console.js:87:23)
    at Console._write (/Users/0xmumin/.nvm/versions/node/v18.20.5/lib/node_modules/firebase-tools/node_modules/winston-transport/modern.js:103:17)
    at doWrite (/Users/0xmumin/.nvm/versions/node/v18.20.5/lib/node_modules/firebase-tools/node_modules/winston-transport/node_modules/readable-stream/lib/_stream_writable.js:390:139)
[error] 
[error] Error: An unexpected error has occurred.
[debug] [2025-08-18T03:18:50.289Z] Error: write EIO
    at afterWriteDispatched (node:internal/stream_base_commons:160:15)
    at writeGeneric (node:internal/stream_base_commons:151:3)
    at Socket._writeGeneric (node:net:962:11)
    at Socket._write (node:net:974:8)
    at writeOrBuffer (node:internal/streams/writable:392:12)
    at _write (node:internal/streams/writable:333:10)
    at Writable.write (node:internal/streams/writable:337:10)
    at Console.log (/Users/0xmumin/.nvm/versions/node/v18.20.5/lib/node_modules/firebase-tools/node_modules/winston/lib/winston/transports/console.js:87:23)
    at Console._write (/Users/0xmumin/.nvm/versions/node/v18.20.5/lib/node_modules/firebase-tools/node_modules/winston-transport/modern.js:103:17)
    at doWrite (/Users/0xmumin/.nvm/versions/node/v18.20.5/lib/node_modules/firebase-tools/node_modules/winston-transport/node_modules/readable-stream/lib/_stream_writable.js:390:139)
[error] 
[error] Error: An unexpected error has occurred.
[debug] [2025-08-18T03:18:50.289Z] Error: write EIO
    at afterWriteDispatched (node:internal/stream_base_commons:160:15)
    at writeGeneric (node:internal/stream_base_commons:151:3)
    at Socket._writeGeneric (node:net:962:11)
    at Socket._write (node:net:974:8)
    at writeOrBuffer (node:internal/streams/writable:392:12)
    at _write (node:internal/streams/writable:333:10)
    at Writable.write (node:internal/streams/writable:337:10)
    at Console.log (/Users/0xmumin/.nvm/versions/node/v18.20.5/lib/node_modules/firebase-tools/node_modules/winston/lib/winston/transports/console.js:87:23)
    at Console._write (/Users/0xmumin/.nvm/versions/node/v18.20.5/lib/node_modules/firebase-tools/node_modules/winston-transport/modern.js:103:17)
    at doWrite (/Users/0xmumin/.nvm/versions/node/v18.20.5/lib/node_modules/firebase-tools/node_modules/winston-transport/node_modules/readable-stream/lib/_stream_writable.js:390:139)
[error] 
[error] Error: An unexpected error has occurred.
[debug] [2025-08-18T03:18:50.289Z] Error: write EIO
    at afterWriteDispatched (node:internal/stream_base_commons:160:15)
    at writeGeneric (node:internal/stream_base_commons:151:3)
    at Socket._writeGeneric (node:net:962:11)
    at Socket._write (node:net:974:8)
    at writeOrBuffer (node:internal/streams/writable:392:12)
    at _write (node:internal/streams/writable:333:10)
    at Writable.write (node:internal/streams/writable:337:10)
    at Console.log (/Users/0xmumin/.nvm/versions/node/v18.20.5/lib/node_modules/firebase-tools/node_modules/winston/lib/winston/transports/console.js:87:23)
    at Console._write (/Users/0xmumin/.nvm/versions/node/v18.20.5/lib/node_modules/firebase-tools/node_modules/winston-transport/modern.js:103:17)
    at doWrite (/Users/0xmumin/.nvm/versions/node/v18.20.5/lib/node_modules/firebase-tools/node_modules/winston-transport/node_modules/readable-stream/lib/_stream_writable.js:390:139)
[error] 
[error] Error: An unexpected error has occurred.
[debug] [2025-08-18T03:18:50.289Z] Error: write EIO
    at afterWriteDispatched (node:internal/stream_base_commons:160:15)
    at writeGeneric (node:internal/stream_base_commons:151:3)
    at Socket._writeGeneric (node:net:962:11)
    at Socket._write (node:net:974:8)
    at writeOrBuffer (node:internal/streams/writable:392:12)
    at _write (node:internal/streams/writable:333:10)
    at Writable.write (node:internal/streams/writable:337:10)
    at Console.log (/Users/0xmumin/.nvm/versions/node/v18.20.5/lib/node_modules/firebase-tools/node_modules/winston/lib/winston/transports/console.js:87:23)
    at Console._write (/Users/0xmumin/.nvm/versions/node/v18.20.5/lib/node_modules/firebase-tools/node_modules/winston-transport/modern.js:103:17)
    at doWrite (/Users/0xmumin/.nvm/versions/node/v18.20.5/lib/node_modules/firebase-tools/node_modules/winston-transport/node_modules/readable-stream/lib/_stream_writable.js:390:139)
[error] 
[error] Error: An unexpected error has occurred.
[debug] [2025-08-18T03:18:50.289Z] Error: write EIO
    at afterWriteDispatched (node:internal/stream_base_commons:160:15)
    at writeGeneric (node:internal/stream_base_commons:151:3)
    at Socket._writeGeneric (node:net:962:11)
    at Socket._write (node:net:974:8)
    at writeOrBuffer (node:internal/streams/writable:392:12)
    at _write (node:internal/streams/writable:333:10)
    at Writable.write (node:internal/streams/writable:337:10)
    at Console.log (/Users/0xmumin/.nvm/versions/node/v18.20.5/lib/node_modules/firebase-tools/node_modules/winston/lib/winston/transports/console.js:87:23)
    at Console._write (/Users/0xmumin/.nvm/versions/node/v18.20.5/lib/node_modules/firebase-tools/node_modules/winston-transport/modern.js:103:17)
    at doWrite (/Users/0xmumin/.nvm/versions/node/v18.20.5/lib/node_modules/firebase-tools/node_modules/winston-transport/node_modules/readable-stream/lib/_stream_writable.js:390:139)
[error] 
[error] Error: An unexpected error has occurred.
[debug] [2025-08-18T03:18:50.290Z] Error: write EIO
    at afterWriteDispatched (node:internal/stream_base_commons:160:15)
    at writeGeneric (node:internal/stream_base_commons:151:3)
    at Socket._writeGeneric (node:net:962:11)
    at Socket._write (node:net:974:8)
    at writeOrBuffer (node:internal/streams/writable:392:12)
    at _write (node:internal/streams/writable:333:10)
    at Writable.write (node:internal/streams/writable:337:10)
    at Console.log (/Users/0xmumin/.nvm/versions/node/v18.20.5/lib/node_modules/firebase-tools/node_modules/winston/lib/winston/transports/console.js:87:23)
    at Console._write (/Users/0xmumin/.nvm/versions/node/v18.20.5/lib/node_modules/firebase-tools/node_modules/winston-transport/modern.js:103:17)
    at doWrite (/Users/0xmumin/.nvm/versions/node/v18.20.5/lib/node_modules/firebase-tools/node_modules/winston-transport/node_modules/readable-stream/lib/_stream_writable.js:390:139)
[error] 
[error] Error: An unexpected error has occurred.
[debug] [2025-08-18T03:18:50.290Z] Error: write EIO
    at afterWriteDispatched (node:internal/stream_base_commons:160:15)
    at writeGeneric (node:internal/stream_base_commons:151:3)
    at Socket._writeGeneric (node:net:962:11)
    at Socket._write (node:net:974:8)
    at writeOrBuffer (node:internal/streams/writable:392:12)
    at _write (node:internal/streams/writable:333:10)
    at Writable.write (node:internal/streams/writable:337:10)
    at Console.log (/Users/0xmumin/.nvm/versions/node/v18.20.5/lib/node_modules/firebase-tools/node_modules/winston/lib/winston/transports/console.js:87:23)
    at Console._write (/Users/0xmumin/.nvm/versions/node/v18.20.5/lib/node_modules/firebase-tools/node_modules/winston-transport/modern.js:103:17)
    at doWrite (/Users/0xmumin/.nvm/versions/node/v18.20.5/lib/node_modules/firebase-tools/node_modules/winston-transport/node_modules/readable-stream/lib/_stream_writable.js:390:139)
[error] 
[error] Error: An unexpected error has occurred.
[debug] [2025-08-18T03:18:50.290Z] Error: write EIO
    at afterWriteDispatched (node:internal/stream_base_commons:160:15)
    at writeGeneric (node:internal/stream_base_commons:151:3)
    at Socket._writeGeneric (node:net:962:11)
    at Socket._write (node:net:974:8)
    at writeOrBuffer (node:internal/streams/writable:392:12)
    at _write (node:internal/streams/writable:333:10)
    at Writable.write (node:internal/streams/writable:337:10)
    at Console.log (/Users/0xmumin/.nvm/versions/node/v18.20.5/lib/node_modules/firebase-tools/node_modules/winston/lib/winston/transports/console.js:87:23)
    at Console._write (/Users/0xmumin/.nvm/versions/node/v18.20.5/lib/node_modules/firebase-tools/node_modules/winston-transport/modern.js:103:17)
    at doWrite (/Users/0xmumin/.nvm/versions/node/v18.20.5/lib/node_modules/firebase-tools/node_modules/winston-transport/node_modules/readable-stream/lib/_stream_writable.js:390:139)
[error] 
[error] Error: An unexpected error has occurred.
[debug] [2025-08-18T03:18:50.290Z] Error: write EIO
    at afterWriteDispatched (node:internal/stream_base_commons:160:15)
    at writeGeneric (node:internal/stream_base_commons:151:3)
    at Socket._writeGeneric (node:net:962:11)
    at Socket._write (node:net:974:8)
    at writeOrBuffer (node:internal/streams/writable:392:12)
    at _write (node:internal/streams/writable:333:10)
    at Writable.write (node:internal/streams/writable:337:10)
    at Console.log (/Users/0xmumin/.nvm/versions/node/v18.20.5/lib/node_modules/firebase-tools/node_modules/winston/lib/winston/transports/console.js:87:23)
    at Console._write (/Users/0xmumin/.nvm/versions/node/v18.20.5/lib/node_modules/firebase-tools/node_modules/winston-transport/modern.js:103:17)
    at doWrite (/Users/0xmumin/.nvm/versions/node/v18.20.5/lib/node_modules/firebase-tools/node_modules/winston-transport/node_modules/readable-stream/lib/_stream_writable.js:390:139)
[error] 
[error] Error: An unexpected error has occurred.
[debug] [2025-08-18T03:18:50.290Z] Error: write EIO
    at afterWriteDispatched (node:internal/stream_base_commons:160:15)
    at writeGeneric (node:internal/stream_base_commons:151:3)
    at Socket._writeGeneric (node:net:962:11)
    at Socket._write (node:net:974:8)
    at writeOrBuffer (node:internal/streams/writable:392:12)
    at _write (node:internal/streams/writable:333:10)
    at Writable.write (node:internal/streams/writable:337:10)
    at Console.log (/Users/0xmumin/.nvm/versions/node/v18.20.5/lib/node_modules/firebase-tools/node_modules/winston/lib/winston/transports/console.js:87:23)
    at Console._write (/Users/0xmumin/.nvm/versions/node/v18.20.5/lib/node_modules/firebase-tools/node_modules/winston-transport/modern.js:103:17)
    at doWrite (/Users/0xmumin/.nvm/versions/node/v18.20.5/lib/node_modules/firebase-tools/node_modules/winston-transport/node_modules/readable-stream/lib/_stream_writable.js:390:139)
[error] 
[error] Error: An unexpected error has occurred.
[debug] [2025-08-18T03:18:50.290Z] Error: write EIO
    at afterWriteDispatched (node:internal/stream_base_commons:160:15)
    at writeGeneric (node:internal/stream_base_commons:151:3)
    at Socket._writeGeneric (node:net:962:11)
    at Socket._write (node:net:974:8)
    at writeOrBuffer (node:internal/streams/writable:392:12)
    at _write (node:internal/streams/writable:333:10)
    at Writable.write (node:internal/streams/writable:337:10)
    at Console.log (/Users/0xmumin/.nvm/versions/node/v18.20.5/lib/node_modules/firebase-tools/node_modules/winston/lib/winston/transports/console.js:87:23)
    at Console._write (/Users/0xmumin/.nvm/versions/node/v18.20.5/lib/node_modules/firebase-tools/node_modules/winston-transport/modern.js:103:17)
    at doWrite (/Users/0xmumin/.nvm/versions/node/v18.20.5/lib/node_modules/firebase-tools/node_modules/winston-transport/node_modules/readable-stream/lib/_stream_writable.js:390:139)
[error] 
[error] Error: An unexpected error has occurred.
[debug] [2025-08-18T03:18:50.290Z] Error: write EIO
    at afterWriteDispatched (node:internal/stream_base_commons:160:15)
    at writeGeneric (node:internal/stream_base_commons:151:3)
    at Socket._writeGeneric (node:net:962:11)
    at Socket._write (node:net:974:8)
    at writeOrBuffer (node:internal/streams/writable:392:12)
    at _write (node:internal/streams/writable:333:10)
    at Writable.write (node:internal/streams/writable:337:10)
    at Console.log (/Users/0xmumin/.nvm/versions/node/v18.20.5/lib/node_modules/firebase-tools/node_modules/winston/lib/winston/transports/console.js:87:23)
    at Console._write (/Users/0xmumin/.nvm/versions/node/v18.20.5/lib/node_modules/firebase-tools/node_modules/winston-transport/modern.js:103:17)
    at doWrite (/Users/0xmumin/.nvm/versions/node/v18.20.5/lib/node_modules/firebase-tools/node_modules/winston-transport/node_modules/readable-stream/lib/_stream_writable.js:390:139)
[error] 
[error] Error: An unexpected error has occurred.
[debug] [2025-08-18T03:18:50.290Z] Error: write EIO
    at afterWriteDispatched (node:internal/stream_base_commons:160:15)
    at writeGeneric (node:internal/stream_base_commons:151:3)
    at Socket._writeGeneric (node:net:962:11)
    at Socket._write (node:net:974:8)
    at writeOrBuffer (node:internal/streams/writable:392:12)
    at _write (node:internal/streams/writable:333:10)
    at Writable.write (node:internal/streams/writable:337:10)
    at Console.log (/Users/0xmumin/.nvm/versions/node/v18.20.5/lib/node_modules/firebase-tools/node_modules/winston/lib/winston/transports/console.js:87:23)
    at Console._write (/Users/0xmumin/.nvm/versions/node/v18.20.5/lib/node_modules/firebase-tools/node_modules/winston-transport/modern.js:103:17)
    at doWrite (/Users/0xmumin/.nvm/versions/node/v18.20.5/lib/node_modules/firebase-tools/node_modules/winston-transport/node_modules/readable-stream/lib/_stream_writable.js:390:139)
[error] 
[error] Error: An unexpected error has occurred.
[debug] [2025-08-18T03:18:50.290Z] Error: write EIO
    at afterWriteDispatched (node:internal/stream_base_commons:160:15)
    at writeGeneric (node:internal/stream_base_commons:151:3)
    at Socket._writeGeneric (node:net:962:11)
    at Socket._write (node:net:974:8)
    at writeOrBuffer (node:internal/streams/writable:392:12)
    at _write (node:internal/streams/writable:333:10)
    at Writable.write (node:internal/streams/writable:337:10)
    at Console.log (/Users/0xmumin/.nvm/versions/node/v18.20.5/lib/node_modules/firebase-tools/node_modules/winston/lib/winston/transports/console.js:87:23)
    at Console._write (/Users/0xmumin/.nvm/versions/node/v18.20.5/lib/node_modules/firebase-tools/node_modules/winston-transport/modern.js:103:17)
    at doWrite (/Users/0xmumin/.nvm/versions/node/v18.20.5/lib/node_modules/firebase-tools/node_modules/winston-transport/node_modules/readable-stream/lib/_stream_writable.js:390:139)
[error] 
[error] Error: An unexpected error has occurred.
[debug] [2025-08-18T03:18:50.291Z] Error: write EIO
    at afterWriteDispatched (node:internal/stream_base_commons:160:15)
    at writeGeneric (node:internal/stream_base_commons:151:3)
    at Socket._writeGeneric (node:net:962:11)
    at Socket._write (node:net:974:8)
    at writeOrBuffer (node:internal/streams/writable:392:12)
    at _write (node:internal/streams/writable:333:10)
    at Writable.write (node:internal/streams/writable:337:10)
    at Console.log (/Users/0xmumin/.nvm/versions/node/v18.20.5/lib/node_modules/firebase-tools/node_modules/winston/lib/winston/transports/console.js:87:23)
    at Console._write (/Users/0xmumin/.nvm/versions/node/v18.20.5/lib/node_modules/firebase-tools/node_modules/winston-transport/modern.js:103:17)
    at doWrite (/Users/0xmumin/.nvm/versions/node/v18.20.5/lib/node_modules/firebase-tools/node_modules/winston-transport/node_modules/readable-stream/lib/_stream_writable.js:390:139)
[error] 
[error] Error: An unexpected error has occurred.
[debug] [2025-08-18T03:18:50.291Z] Error: write EIO
    at afterWriteDispatched (node:internal/stream_base_commons:160:15)
    at writeGeneric (node:internal/stream_base_commons:151:3)
    at Socket._writeGeneric (node:net:962:11)
    at Socket._write (node:net:974:8)
    at writeOrBuffer (node:internal/streams/writable:392:12)
    at _write (node:internal/streams/writable:333:10)
    at Writable.write (node:internal/streams/writable:337:10)
    at Console.log (/Users/0xmumin/.nvm/versions/node/v18.20.5/lib/node_modules/firebase-tools/node_modules/winston/lib/winston/transports/console.js:87:23)
    at Console._write (/Users/0xmumin/.nvm/versions/node/v18.20.5/lib/node_modules/firebase-tools/node_modules/winston-transport/modern.js:103:17)
    at doWrite (/Users/0xmumin/.nvm/versions/node/v18.20.5/lib/node_modules/firebase-tools/node_modules/winston-transport/node_modules/readable-stream/lib/_stream_writable.js:390:139)
[error] 
[error] Error: An unexpected error has occurred.
[debug] [2025-08-18T03:18:50.291Z] Error: write EIO
    at afterWriteDispatched (node:internal/stream_base_commons:160:15)
    at writeGeneric (node:internal/stream_base_commons:151:3)
    at Socket._writeGeneric (node:net:962:11)
    at Socket._write (node:net:974:8)
    at writeOrBuffer (node:internal/streams/writable:392:12)
    at _write (node:internal/streams/writable:333:10)
    at Writable.write (node:internal/streams/writable:337:10)
    at Console.log (/Users/0xmumin/.nvm/versions/node/v18.20.5/lib/node_modules/firebase-tools/node_modules/winston/lib/winston/transports/console.js:87:23)
    at Console._write (/Users/0xmumin/.nvm/versions/node/v18.20.5/lib/node_modules/firebase-tools/node_modules/winston-transport/modern.js:103:17)
    at doWrite (/Users/0xmumin/.nvm/versions/node/v18.20.5/lib/node_modules/firebase-tools/node_modules/winston-transport/node_modules/readable-stream/lib/_stream_writable.js:390:139)
[error] 
[error] Error: An unexpected error has occurred.
[debug] [2025-08-18T03:18:50.291Z] Error: write EIO
    at afterWriteDispatched (node:internal/stream_base_commons:160:15)
    at writeGeneric (node:internal/stream_base_commons:151:3)
    at Socket._writeGeneric (node:net:962:11)
    at Socket._write (node:net:974:8)
    at writeOrBuffer (node:internal/streams/writable:392:12)
    at _write (node:internal/streams/writable:333:10)
    at Writable.write (node:internal/streams/writable:337:10)
    at Console.log (/Users/0xmumin/.nvm/versions/node/v18.20.5/lib/node_modules/firebase-tools/node_modules/winston/lib/winston/transports/console.js:87:23)
    at Console._write (/Users/0xmumin/.nvm/versions/node/v18.20.5/lib/node_modules/firebase-tools/node_modules/winston-transport/modern.js:103:17)
    at doWrite (/Users/0xmumin/.nvm/versions/node/v18.20.5/lib/node_modules/firebase-tools/node_modules/winston-transport/node_modules/readable-stream/lib/_stream_writable.js:390:139)
[error] 
[error] Error: An unexpected error has occurred.
[debug] [2025-08-18T03:18:50.291Z] Error: write EIO
    at afterWriteDispatched (node:internal/stream_base_commons:160:15)
    at writeGeneric (node:internal/stream_base_commons:151:3)
    at Socket._writeGeneric (node:net:962:11)
    at Socket._write (node:net:974:8)
    at writeOrBuffer (node:internal/streams/writable:392:12)
    at _write (node:internal/streams/writable:333:10)
    at Writable.write (node:internal/streams/writable:337:10)
    at Console.log (/Users/0xmumin/.nvm/versions/node/v18.20.5/lib/node_modules/firebase-tools/node_modules/winston/lib/winston/transports/console.js:87:23)
    at Console._write (/Users/0xmumin/.nvm/versions/node/v18.20.5/lib/node_modules/firebase-tools/node_modules/winston-transport/modern.js:103:17)
    at doWrite (/Users/0xmumin/.nvm/versions/node/v18.20.5/lib/node_modules/firebase-tools/node_modules/winston-transport/node_modules/readable-stream/lib/_stream_writable.js:390:139)
[error] 
[error] Error: An unexpected error has occurred.
[debug] [2025-08-18T03:18:50.291Z] Error: write EIO
    at afterWriteDispatched (node:internal/stream_base_commons:160:15)
    at writeGeneric (node:internal/stream_base_commons:151:3)
    at Socket._writeGeneric (node:net:962:11)
    at Socket._write (node:net:974:8)
    at writeOrBuffer (node:internal/streams/writable:392:12)
    at _write (node:internal/streams/writable:333:10)
    at Writable.write (node:internal/streams/writable:337:10)
    at Console.log (/Users/0xmumin/.nvm/versions/node/v18.20.5/lib/node_modules/firebase-tools/node_modules/winston/lib/winston/transports/console.js:87:23)
    at Console._write (/Users/0xmumin/.nvm/versions/node/v18.20.5/lib/node_modules/firebase-tools/node_modules/winston-transport/modern.js:103:17)
    at doWrite (/Users/0xmumin/.nvm/versions/node/v18.20.5/lib/node_modules/firebase-tools/node_modules/winston-transport/node_modules/readable-stream/lib/_stream_writable.js:390:139)
[error] 
[error] Error: An unexpected error has occurred.
[debug] [2025-08-18T03:18:50.291Z] Error: write EIO
    at afterWriteDispatched (node:internal/stream_base_commons:160:15)
    at writeGeneric (node:internal/stream_base_commons:151:3)
    at Socket._writeGeneric (node:net:962:11)
    at Socket._write (node:net:974:8)
    at writeOrBuffer (node:internal/streams/writable:392:12)
    at _write (node:internal/streams/writable:333:10)
    at Writable.write (node:internal/streams/writable:337:10)
    at Console.log (/Users/0xmumin/.nvm/versions/node/v18.20.5/lib/node_modules/firebase-tools/node_modules/winston/lib/winston/transports/console.js:87:23)
    at Console._write (/Users/0xmumin/.nvm/versions/node/v18.20.5/lib/node_modules/firebase-tools/node_modules/winston-transport/modern.js:103:17)
    at doWrite (/Users/0xmumin/.nvm/versions/node/v18.20.5/lib/node_modules/firebase-tools/node_modules/winston-transport/node_modules/readable-stream/lib/_stream_writable.js:390:139)
[error] 
[error] Error: An unexpected error has occurred.
[debug] [2025-08-18T03:18:50.291Z] Error: write EIO
    at afterWriteDispatched (node:internal/stream_base_commons:160:15)
    at writeGeneric (node:internal/stream_base_commons:151:3)
    at Socket._writeGeneric (node:net:962:11)
    at Socket._write (node:net:974:8)
    at writeOrBuffer (node:internal/streams/writable:392:12)
    at _write (node:internal/streams/writable:333:10)
    at Writable.write (node:internal/streams/writable:337:10)
    at Console.log (/Users/0xmumin/.nvm/versions/node/v18.20.5/lib/node_modules/firebase-tools/node_modules/winston/lib/winston/transports/console.js:87:23)
    at Console._write (/Users/0xmumin/.nvm/versions/node/v18.20.5/lib/node_modules/firebase-tools/node_modules/winston-transport/modern.js:103:17)
    at doWrite (/Users/0xmumin/.nvm/versions/node/v18.20.5/lib/node_modules/firebase-tools/node_modules/winston-transport/node_modules/readable-stream/lib/_stream_writable.js:390:139)
[error] 
[error] Error: An unexpected error has occurred.
[debug] [2025-08-18T03:18:50.292Z] Error: write EIO
    at afterWriteDispatched (node:internal/stream_base_commons:160:15)
    at writeGeneric (node:internal/stream_base_commons:151:3)
    at Socket._writeGeneric (node:net:962:11)
    at Socket._write (node:net:974:8)
    at writeOrBuffer (node:internal/streams/writable:392:12)
    at _write (node:internal/streams/writable:333:10)
    at Writable.write (node:internal/streams/writable:337:10)
    at Console.log (/Users/0xmumin/.nvm/versions/node/v18.20.5/lib/node_modules/firebase-tools/node_modules/winston/lib/winston/transports/console.js:87:23)
    at Console._write (/Users/0xmumin/.nvm/versions/node/v18.20.5/lib/node_modules/firebase-tools/node_modules/winston-transport/modern.js:103:17)
    at doWrite (/Users/0xmumin/.nvm/versions/node/v18.20.5/lib/node_modules/firebase-tools/node_modules/winston-transport/node_modules/readable-stream/lib/_stream_writable.js:390:139)
[error] 
[error] Error: An unexpected error has occurred.
[debug] [2025-08-18T03:18:50.292Z] Error: write EIO
    at afterWriteDispatched (node:internal/stream_base_commons:160:15)
    at writeGeneric (node:internal/stream_base_commons:151:3)
    at Socket._writeGeneric (node:net:962:11)
    at Socket._write (node:net:974:8)
    at writeOrBuffer (node:internal/streams/writable:392:12)
    at _write (node:internal/streams/writable:333:10)
    at Writable.write (node:internal/streams/writable:337:10)
    at Console.log (/Users/0xmumin/.nvm/versions/node/v18.20.5/lib/node_modules/firebase-tools/node_modules/winston/lib/winston/transports/console.js:87:23)
    at Console._write (/Users/0xmumin/.nvm/versions/node/v18.20.5/lib/node_modules/firebase-tools/node_modules/winston-transport/modern.js:103:17)
    at doWrite (/Users/0xmumin/.nvm/versions/node/v18.20.5/lib/node_modules/firebase-tools/node_modules/winston-transport/node_modules/readable-stream/lib/_stream_writable.js:390:139)
[error] 
[error] Error: An unexpected error has occurred.
[debug] [2025-08-18T03:18:50.292Z] Error: write EIO
    at afterWriteDispatched (node:internal/stream_base_commons:160:15)
    at writeGeneric (node:internal/stream_base_commons:151:3)
    at Socket._writeGeneric (node:net:962:11)
    at Socket._write (node:net:974:8)
    at writeOrBuffer (node:internal/streams/writable:392:12)
    at _write (node:internal/streams/writable:333:10)
    at Writable.write (node:internal/streams/writable:337:10)
    at Console.log (/Users/0xmumin/.nvm/versions/node/v18.20.5/lib/node_modules/firebase-tools/node_modules/winston/lib/winston/transports/console.js:87:23)
    at Console._write (/Users/0xmumin/.nvm/versions/node/v18.20.5/lib/node_modules/firebase-tools/node_modules/winston-transport/modern.js:103:17)
    at doWrite (/Users/0xmumin/.nvm/versions/node/v18.20.5/lib/node_modules/firebase-tools/node_modules/winston-transport/node_modules/readable-stream/lib/_stream_writable.js:390:139)
[error] 
[error] Error: An unexpected error has occurred.
[debug] [2025-08-18T03:18:50.292Z] Error: write EIO
    at afterWriteDispatched (node:internal/stream_base_commons:160:15)
    at writeGeneric (node:internal/stream_base_commons:151:3)
    at Socket._writeGeneric (node:net:962:11)
    at Socket._write (node:net:974:8)
    at writeOrBuffer (node:internal/streams/writable:392:12)
    at _write (node:internal/streams/writable:333:10)
    at Writable.write (node:internal/streams/writable:337:10)
    at Console.log (/Users/0xmumin/.nvm/versions/node/v18.20.5/lib/node_modules/firebase-tools/node_modules/winston/lib/winston/transports/console.js:87:23)
    at Console._write (/Users/0xmumin/.nvm/versions/node/v18.20.5/lib/node_modules/firebase-tools/node_modules/winston-transport/modern.js:103:17)
    at doWrite (/Users/0xmumin/.nvm/versions/node/v18.20.5/lib/node_modules/firebase-tools/node_modules/winston-transport/node_modules/readable-stream/lib/_stream_writable.js:390:139)
[error] 
[error] Error: An unexpected error has occurred.
[debug] [2025-08-18T03:18:50.292Z] Error: write EIO
    at afterWriteDispatched (node:internal/stream_base_commons:160:15)
    at writeGeneric (node:internal/stream_base_commons:151:3)
    at Socket._writeGeneric (node:net:962:11)
    at Socket._write (node:net:974:8)
    at writeOrBuffer (node:internal/streams/writable:392:12)
    at _write (node:internal/streams/writable:333:10)
    at Writable.write (node:internal/streams/writable:337:10)
    at Console.log (/Users/0xmumin/.nvm/versions/node/v18.20.5/lib/node_modules/firebase-tools/node_modules/winston/lib/winston/transports/console.js:87:23)
    at Console._write (/Users/0xmumin/.nvm/versions/node/v18.20.5/lib/node_modules/firebase-tools/node_modules/winston-transport/modern.js:103:17)
    at doWrite (/Users/0xmumin/.nvm/versions/node/v18.20.5/lib/node_modules/firebase-tools/node_modules/winston-transport/node_modules/readable-stream/lib/_stream_writable.js:390:139)
[error] 
[error] Error: An unexpected error has occurred.
[debug] [2025-08-18T03:18:50.292Z] Error: write EIO
    at afterWriteDispatched (node:internal/stream_base_commons:160:15)
    at writeGeneric (node:internal/stream_base_commons:151:3)
    at Socket._writeGeneric (node:net:962:11)
    at Socket._write (node:net:974:8)
    at writeOrBuffer (node:internal/streams/writable:392:12)
    at _write (node:internal/streams/writable:333:10)
    at Writable.write (node:internal/streams/writable:337:10)
    at Console.log (/Users/0xmumin/.nvm/versions/node/v18.20.5/lib/node_modules/firebase-tools/node_modules/winston/lib/winston/transports/console.js:87:23)
    at Console._write (/Users/0xmumin/.nvm/versions/node/v18.20.5/lib/node_modules/firebase-tools/node_modules/winston-transport/modern.js:103:17)
    at doWrite (/Users/0xmumin/.nvm/versions/node/v18.20.5/lib/node_modules/firebase-tools/node_modules/winston-transport/node_modules/readable-stream/lib/_stream_writable.js:390:139)
[error] 
[error] Error: An unexpected error has occurred.
[debug] [2025-08-18T03:18:50.292Z] Error: write EIO
    at afterWriteDispatched (node:internal/stream_base_commons:160:15)
    at writeGeneric (node:internal/stream_base_commons:151:3)
    at Socket._writeGeneric (node:net:962:11)
    at Socket._write (node:net:974:8)
    at writeOrBuffer (node:internal/streams/writable:392:12)
    at _write (node:internal/streams/writable:333:10)
    at Writable.write (node:internal/streams/writable:337:10)
    at Console.log (/Users/0xmumin/.nvm/versions/node/v18.20.5/lib/node_modules/firebase-tools/node_modules/winston/lib/winston/transports/console.js:87:23)
    at Console._write (/Users/0xmumin/.nvm/versions/node/v18.20.5/lib/node_modules/firebase-tools/node_modules/winston-transport/modern.js:103:17)
    at doWrite (/Users/0xmumin/.nvm/versions/node/v18.20.5/lib/node_modules/firebase-tools/node_modules/winston-transport/node_modules/readable-stream/lib/_stream_writable.js:390:139)
[error] 
[error] Error: An unexpected error has occurred.
[debug] [2025-08-18T03:18:50.292Z] Error: write EIO
    at afterWriteDispatched (node:internal/stream_base_commons:160:15)
    at writeGeneric (node:internal/stream_base_commons:151:3)
    at Socket._writeGeneric (node:net:962:11)
    at Socket._write (node:net:974:8)
    at writeOrBuffer (node:internal/streams/writable:392:12)
    at _write (node:internal/streams/writable:333:10)
    at Writable.write (node:internal/streams/writable:337:10)
    at Console.log (/Users/0xmumin/.nvm/versions/node/v18.20.5/lib/node_modules/firebase-tools/node_modules/winston/lib/winston/transports/console.js:87:23)
    at Console._write (/Users/0xmumin/.nvm/versions/node/v18.20.5/lib/node_modules/firebase-tools/node_modules/winston-transport/modern.js:103:17)
    at doWrite (/Users/0xmumin/.nvm/versions/node/v18.20.5/lib/node_modules/firebase-tools/node_modules/winston-transport/node_modules/readable-stream/lib/_stream_writable.js:390:139)
[error] 
[error] Error: An unexpected error has occurred.
[debug] [2025-08-18T03:18:50.292Z] Error: write EIO
    at afterWriteDispatched (node:internal/stream_base_commons:160:15)
    at writeGeneric (node:internal/stream_base_commons:151:3)
    at Socket._writeGeneric (node:net:962:11)
    at Socket._write (node:net:974:8)
    at writeOrBuffer (node:internal/streams/writable:392:12)
    at _write (node:internal/streams/writable:333:10)
    at Writable.write (node:internal/streams/writable:337:10)
    at Console.log (/Users/0xmumin/.nvm/versions/node/v18.20.5/lib/node_modules/firebase-tools/node_modules/winston/lib/winston/transports/console.js:87:23)
    at Console._write (/Users/0xmumin/.nvm/versions/node/v18.20.5/lib/node_modules/firebase-tools/node_modules/winston-transport/modern.js:103:17)
    at doWrite (/Users/0xmumin/.nvm/versions/node/v18.20.5/lib/node_modules/firebase-tools/node_modules/winston-transport/node_modules/readable-stream/lib/_stream_writable.js:390:139)
[error] 
[error] Error: An unexpected error has occurred.
[debug] [2025-08-18T03:18:50.293Z] Error: write EIO
    at afterWriteDispatched (node:internal/stream_base_commons:160:15)
    at writeGeneric (node:internal/stream_base_commons:151:3)
    at Socket._writeGeneric (node:net:962:11)
    at Socket._write (node:net:974:8)
    at writeOrBuffer (node:internal/streams/writable:392:12)
    at _write (node:internal/streams/writable:333:10)
    at Writable.write (node:internal/streams/writable:337:10)
    at Console.log (/Users/0xmumin/.nvm/versions/node/v18.20.5/lib/node_modules/firebase-tools/node_modules/winston/lib/winston/transports/console.js:87:23)
    at Console._write (/Users/0xmumin/.nvm/versions/node/v18.20.5/lib/node_modules/firebase-tools/node_modules/winston-transport/modern.js:103:17)
    at doWrite (/Users/0xmumin/.nvm/versions/node/v18.20.5/lib/node_modules/firebase-tools/node_modules/winston-transport/node_modules/readable-stream/lib/_stream_writable.js:390:139)
[error] 
[error] Error: An unexpected error has occurred.
[debug] [2025-08-18T03:18:50.293Z] Error: write EIO
    at afterWriteDispatched (node:internal/stream_base_commons:160:15)
    at writeGeneric (node:internal/stream_base_commons:151:3)
    at Socket._writeGeneric (node:net:962:11)
    at Socket._write (node:net:974:8)
    at writeOrBuffer (node:internal/streams/writable:392:12)
    at _write (node:internal/streams/writable:333:10)
    at Writable.write (node:internal/streams/writable:337:10)
    at Console.log (/Users/0xmumin/.nvm/versions/node/v18.20.5/lib/node_modules/firebase-tools/node_modules/winston/lib/winston/transports/console.js:87:23)
    at Console._write (/Users/0xmumin/.nvm/versions/node/v18.20.5/lib/node_modules/firebase-tools/node_modules/winston-transport/modern.js:103:17)
    at doWrite (/Users/0xmumin/.nvm/versions/node/v18.20.5/lib/node_modules/firebase-tools/node_modules/winston-transport/node_modules/readable-stream/lib/_stream_writable.js:390:139)
[error] 
[error] Error: An unexpected error has occurred.
[debug] [2025-08-18T03:18:50.293Z] Error: write EIO
    at afterWriteDispatched (node:internal/stream_base_commons:160:15)
    at writeGeneric (node:internal/stream_base_commons:151:3)
    at Socket._writeGeneric (node:net:962:11)
    at Socket._write (node:net:974:8)
    at writeOrBuffer (node:internal/streams/writable:392:12)
    at _write (node:internal/streams/writable:333:10)
    at Writable.write (node:internal/streams/writable:337:10)
    at Console.log (/Users/0xmumin/.nvm/versions/node/v18.20.5/lib/node_modules/firebase-tools/node_modules/winston/lib/winston/transports/console.js:87:23)
    at Console._write (/Users/0xmumin/.nvm/versions/node/v18.20.5/lib/node_modules/firebase-tools/node_modules/winston-transport/modern.js:103:17)
    at doWrite (/Users/0xmumin/.nvm/versions/node/v18.20.5/lib/node_modules/firebase-tools/node_modules/winston-transport/node_modules/readable-stream/lib/_stream_writable.js:390:139)
[error] 
[error] Error: An unexpected error has occurred.
[debug] [2025-08-18T03:18:50.293Z] Error: write EIO
    at afterWriteDispatched (node:internal/stream_base_commons:160:15)
    at writeGeneric (node:internal/stream_base_commons:151:3)
    at Socket._writeGeneric (node:net:962:11)
    at Socket._write (node:net:974:8)
    at writeOrBuffer (node:internal/streams/writable:392:12)
    at _write (node:internal/streams/writable:333:10)
    at Writable.write (node:internal/streams/writable:337:10)
    at Console.log (/Users/0xmumin/.nvm/versions/node/v18.20.5/lib/node_modules/firebase-tools/node_modules/winston/lib/winston/transports/console.js:87:23)
    at Console._write (/Users/0xmumin/.nvm/versions/node/v18.20.5/lib/node_modules/firebase-tools/node_modules/winston-transport/modern.js:103:17)
    at doWrite (/Users/0xmumin/.nvm/versions/node/v18.20.5/lib/node_modules/firebase-tools/node_modules/winston-transport/node_modules/readable-stream/lib/_stream_writable.js:390:139)
[error] 
[error] Error: An unexpected error has occurred.
[debug] [2025-08-18T03:18:50.293Z] Error: write EIO
    at afterWriteDispatched (node:internal/stream_base_commons:160:15)
    at writeGeneric (node:internal/stream_base_commons:151:3)
    at Socket._writeGeneric (node:net:962:11)
    at Socket._write (node:net:974:8)
    at writeOrBuffer (node:internal/streams/writable:392:12)
    at _write (node:internal/streams/writable:333:10)
    at Writable.write (node:internal/streams/writable:337:10)
    at Console.log (/Users/0xmumin/.nvm/versions/node/v18.20.5/lib/node_modules/firebase-tools/node_modules/winston/lib/winston/transports/console.js:87:23)
    at Console._write (/Users/0xmumin/.nvm/versions/node/v18.20.5/lib/node_modules/firebase-tools/node_modules/winston-transport/modern.js:103:17)
    at doWrite (/Users/0xmumin/.nvm/versions/node/v18.20.5/lib/node_modules/firebase-tools/node_modules/winston-transport/node_modules/readable-stream/lib/_stream_writable.js:390:139)
[error] 
[error] Error: An unexpected error has occurred.
[debug] [2025-08-18T03:18:50.294Z] Error: write EIO
    at afterWriteDispatched (node:internal/stream_base_commons:160:15)
    at writeGeneric (node:internal/stream_base_commons:151:3)
    at Socket._writeGeneric (node:net:962:11)
    at Socket._write (node:net:974:8)
    at writeOrBuffer (node:internal/streams/writable:392:12)
    at _write (node:internal/streams/writable:333:10)
    at Writable.write (node:internal/streams/writable:337:10)
    at Console.log (/Users/0xmumin/.nvm/versions/node/v18.20.5/lib/node_modules/firebase-tools/node_modules/winston/lib/winston/transports/console.js:87:23)
    at Console._write (/Users/0xmumin/.nvm/versions/node/v18.20.5/lib/node_modules/firebase-tools/node_modules/winston-transport/modern.js:103:17)
    at doWrite (/Users/0xmumin/.nvm/versions/node/v18.20.5/lib/node_modules/firebase-tools/node_modules/winston-transport/node_modules/readable-stream/lib/_stream_writable.js:390:139)
[error] 
[error] Error: An unexpected error has occurred.
[debug] [2025-08-18T03:18:50.294Z] Error: write EIO
    at afterWriteDispatched (node:internal/stream_base_commons:160:15)
    at writeGeneric (node:internal/stream_base_commons:151:3)
    at Socket._writeGeneric (node:net:962:11)
    at Socket._write (node:net:974:8)
    at writeOrBuffer (node:internal/streams/writable:392:12)
    at _write (node:internal/streams/writable:333:10)
    at Writable.write (node:internal/streams/writable:337:10)
    at Console.log (/Users/0xmumin/.nvm/versions/node/v18.20.5/lib/node_modules/firebase-tools/node_modules/winston/lib/winston/transports/console.js:87:23)
    at Console._write (/Users/0xmumin/.nvm/versions/node/v18.20.5/lib/node_modules/firebase-tools/node_modules/winston-transport/modern.js:103:17)
    at doWrite (/Users/0xmumin/.nvm/versions/node/v18.20.5/lib/node_modules/firebase-tools/node_modules/winston-transport/node_modules/readable-stream/lib/_stream_writable.js:390:139)
[error] 
[error] Error: An unexpected error has occurred.
[debug] [2025-08-18T03:18:50.294Z] Error: write EIO
    at afterWriteDispatched (node:internal/stream_base_commons:160:15)
    at writeGeneric (node:internal/stream_base_commons:151:3)
    at Socket._writeGeneric (node:net:962:11)
    at Socket._write (node:net:974:8)
    at writeOrBuffer (node:internal/streams/writable:392:12)
    at _write (node:internal/streams/writable:333:10)
    at Writable.write (node:internal/streams/writable:337:10)
    at Console.log (/Users/0xmumin/.nvm/versions/node/v18.20.5/lib/node_modules/firebase-tools/node_modules/winston/lib/winston/transports/console.js:87:23)
    at Console._write (/Users/0xmumin/.nvm/versions/node/v18.20.5/lib/node_modules/firebase-tools/node_modules/winston-transport/modern.js:103:17)
    at doWrite (/Users/0xmumin/.nvm/versions/node/v18.20.5/lib/node_modules/firebase-tools/node_modules/winston-transport/node_modules/readable-stream/lib/_stream_writable.js:390:139)
[error] 
[error] Error: An unexpected error has occurred.
[debug] [2025-08-18T03:18:50.294Z] Error: write EIO
    at afterWriteDispatched (node:internal/stream_base_commons:160:15)
    at writeGeneric (node:internal/stream_base_commons:151:3)
    at Socket._writeGeneric (node:net:962:11)
    at Socket._write (node:net:974:8)
    at writeOrBuffer (node:internal/streams/writable:392:12)
    at _write (node:internal/streams/writable:333:10)
    at Writable.write (node:internal/streams/writable:337:10)
    at Console.log (/Users/0xmumin/.nvm/versions/node/v18.20.5/lib/node_modules/firebase-tools/node_modules/winston/lib/winston/transports/console.js:87:23)
    at Console._write (/Users/0xmumin/.nvm/versions/node/v18.20.5/lib/node_modules/firebase-tools/node_modules/winston-transport/modern.js:103:17)
    at doWrite (/Users/0xmumin/.nvm/versions/node/v18.20.5/lib/node_modules/firebase-tools/node_modules/winston-transport/node_modules/readable-stream/lib/_stream_writable.js:390:139)
[error] 
[error] Error: An unexpected error has occurred.
[debug] [2025-08-18T03:18:50.294Z] Error: write EIO
    at afterWriteDispatched (node:internal/stream_base_commons:160:15)
    at writeGeneric (node:internal/stream_base_commons:151:3)
    at Socket._writeGeneric (node:net:962:11)
    at Socket._write (node:net:974:8)
    at writeOrBuffer (node:internal/streams/writable:392:12)
    at _write (node:internal/streams/writable:333:10)
    at Writable.write (node:internal/streams/writable:337:10)
    at Console.log (/Users/0xmumin/.nvm/versions/node/v18.20.5/lib/node_modules/firebase-tools/node_modules/winston/lib/winston/transports/console.js:87:23)
    at Console._write (/Users/0xmumin/.nvm/versions/node/v18.20.5/lib/node_modules/firebase-tools/node_modules/winston-transport/modern.js:103:17)
    at doWrite (/Users/0xmumin/.nvm/versions/node/v18.20.5/lib/node_modules/firebase-tools/node_modules/winston-transport/node_modules/readable-stream/lib/_stream_writable.js:390:139)
[error] 
[error] Error: An unexpected error has occurred.
[debug] [2025-08-18T03:18:50.294Z] Error: write EIO
    at afterWriteDispatched (node:internal/stream_base_commons:160:15)
    at writeGeneric (node:internal/stream_base_commons:151:3)
    at Socket._writeGeneric (node:net:962:11)
    at Socket._write (node:net:974:8)
    at writeOrBuffer (node:internal/streams/writable:392:12)
    at _write (node:internal/streams/writable:333:10)
    at Writable.write (node:internal/streams/writable:337:10)
    at Console.log (/Users/0xmumin/.nvm/versions/node/v18.20.5/lib/node_modules/firebase-tools/node_modules/winston/lib/winston/transports/console.js:87:23)
    at Console._write (/Users/0xmumin/.nvm/versions/node/v18.20.5/lib/node_modules/firebase-tools/node_modules/winston-transport/modern.js:103:17)
    at doWrite (/Users/0xmumin/.nvm/versions/node/v18.20.5/lib/node_modules/firebase-tools/node_modules/winston-transport/node_modules/readable-stream/lib/_stream_writable.js:390:139)
[error] 
[error] Error: An unexpected error has occurred.
[debug] [2025-08-18T03:18:50.294Z] Error: write EIO
    at afterWriteDispatched (node:internal/stream_base_commons:160:15)
    at writeGeneric (node:internal/stream_base_commons:151:3)
    at Socket._writeGeneric (node:net:962:11)
    at Socket._write (node:net:974:8)
    at writeOrBuffer (node:internal/streams/writable:392:12)
    at _write (node:internal/streams/writable:333:10)
    at Writable.write (node:internal/streams/writable:337:10)
    at Console.log (/Users/0xmumin/.nvm/versions/node/v18.20.5/lib/node_modules/firebase-tools/node_modules/winston/lib/winston/transports/console.js:87:23)
    at Console._write (/Users/0xmumin/.nvm/versions/node/v18.20.5/lib/node_modules/firebase-tools/node_modules/winston-transport/modern.js:103:17)
    at doWrite (/Users/0xmumin/.nvm/versions/node/v18.20.5/lib/node_modules/firebase-tools/node_modules/winston-transport/node_modules/readable-stream/lib/_stream_writable.js:390:139)
